Salutation,First Name,Last Name,Company,Title,Email,Phone,Mobile,Fax,Website,Lead Source,Industry,Lead Status,Rating,No. of Employees,Annual Revenue,Street,City,State/Province,Zip/Postal Code,Country,Product Interest,Current Generator(s),SIC Code,Primary,Number of Locations,Description
Ms.,Julien,Roux,Roux Global SARL,Buyer,julien.roux@rouxglobal.com,+830 473288368,,,,Other,,Open - Not Contacted,Hot,5,10000000,49 Industrial Ave,,,75001,France,GC5000 series,,,,,
Ms.,Nicolas,Lefebvre,Lefebvre Services SA,,,+282 388769907,,,,Partner Referral,Transportation,Open - Not Contacted,,,,232 Park Lane,Grenoble,,38000,France,,None,,,,
,Michel,Robert,Robert Consulting SAS,Operations Manager,michel.robert@robertconsulting.com,,,,,Web,Environmental,Open - Not Contacted,,,250000,,Toulouse,,31000,France,,,,,,
Mrs.,Laurent,Garcia,LGarcia Technologies SA,Plant Manager,laurent.garcia@lgarciatechnologies.com,,+153 115496821,,,Purchased List,,Open - Not Contacted,,,,101 Main Street,Montpellier,,34000,France,,,,,1,
,,Garcia,Garcia Global SA,,contact@garciaglobal.com,+773 151670885,,,https://www.garciaglobal.com,Other,Hospitality,Open - Not Contacted,,50,,,Strasbourg,,67000,France,,,,No,,
Mr.,Harry,Williams,HWilliams Group Ltd.,,harry.williams@hwilliamsgroup.com,+304 572314252,+833 315294153,,https://www.hwilliamsgroup.com,Purchased List,,Open - Not Contacted,,,250000,229 Via Roma,,,B1 1AA,United Kingdom,,,,No,,Expressed interest during cold call.
Mrs.,Isabelle,Robert,Robert Power SARL,CEO,isabelle.robert@robertpower.com,,+880 524929252,,https://www.robertpower.com,,Shipping,Open - Not Contacted,Cold,,,,Lyon,,69001,France,,,,,,
Dr.,Hao,Yang,"Yang Global Co., Ltd.",President,,+638 184881217,,,https://www.yangglobal.com,,,Open - Not Contacted,,50,,57 Park Lane,Beijing,,100000,China,GC5000 series,,,,,Looking to replace aging equipment fleet.
Mr.,Francisco,Carvalho,FCarvalho Power S.A.,,,+557 266186841,,,,Web,Media,Open - Not Contacted,,,,42 Rue Victor Hugo,Lisbon,,1000-001,Portugal,GC3000 series,,,,,
,,Bertrand,Bertrand Solutions SA,General Manager,contact@bertrandsolutions.com,+189 115736700,+133 244491159,,https://www.bertrandsolutions.com,Purchased List,,Open - Not Contacted,Hot,120,,,Paris,,,France,GC5000 series,,7083,Yes,,
Mr.,Mathieu,Leroy,MLeroy Logistics SAS,Owner,mathieu.leroy@mleroylogistics.com,+608 787786608,,,,Purchased List,Apparel,Working - Contacted,,250,,,Grenoble,,38000,France,GC3000 series,,6303,No,,
Mr.,Yosra,Bouazizi,YBouazizi Innovations SA,,yosra.bouazizi@ybouaziziinnovations.com,+542 584739562,+561 617611907,,https://www.ybouaziziinnovations.com,Web,,Open - Not Contacted,,5,120000,1 Zone Industrielle,Sfax,,3000,Tunisia,,,,Yes,20,
,Laurent,Simon,Simon Technologies SA,Sales Director,,+634 726147671,,,,Other,Retail,Open - Not Contacted,,,5000000,,Lille,,,France,GC3000 series,GC1000 series (old model),,,,
,Yui,Kimura,"YKimura Technologies Co., Ltd.",VP Marketing,yui.kimura@ykimuratechnologies.com,+459 774102579,+788 313518905,,,Web,,Open - Not Contacted,,,,99 Boulevard Central,Yokohama,,220-0001,Japan,,,,Yes,,
Dr.,Laura,Alvarez,Alvarez Systems S.L.,,laura.alvarez@alvarezsystems.com,,,,https://www.alvarezsystems.com,Phone Inquiry,,Open - Not Contacted,,250,2500000,134 High Street,Bilbao,,48001,Spain,GC3000 series,,,No,3,
,,Davies,Davies Industries PLC,Procurement Director,contact@daviesindustries.com,+262 154367386,,,https://www.daviesindustries.com,,,Closed - Not Converted,,,,,Edinburgh,,EH1 1AA,United Kingdom,,,,Yes,,
,Aurelie,Lefebvre,ALefebvre Industries SARL,Buyer,aurelie.lefebvre@alefebvreindustries.com,,+200 587374841,,,Partner Referral,Biotechnology,Open - Not Contacted,,,,134 Boulevard Central,Bordeaux,,33000,France,GC1000 series,,3970,,,
Dr.,Sophia,Robinson,Robinson Energy Ltd.,Owner,sophia.robinson@robinsonenergy.com,,,+392 674382155,,Other,Recreation,Open - Not Contacted,Warm,,1000000,,London,,EC1A 1BB,United Kingdom,,,,Yes,,
,Takashi,Hayashi,"Hayashi Partners Co., Ltd.",,,,+941 154410181,,,Phone Inquiry,,Open - Not Contacted,,,,75 High Street,Osaka,,530-0001,Japan,,,,Yes,,
Mrs.,Mathieu,Roux,MRoux Innovations SAS,CFO,,+193 324532155,,,https://www.mrouxinnovations.com,Partner Referral,Manufacturing,Open - Not Contacted,,12,,,Marseille,,,France,,In-house legacy unit,,No,2,Expressed interest during cold call.
Ms.,,Martin,NMartin International SARL,,contact@nmartininternational.com,,,,https://www.nmartininternational.com,,Chemicals,Open - Not Contacted,,,,244 Calle Mayor,Grenoble,,38000,France,GC3000 series,,,,,
,Emily,Brown,Brown Energy Ltd.,CFO,emily.brown@brownenergy.com,+780 387346846,,,,Other,Technology,Open - Not Contacted,,,500000,,,,,United Kingdom,,GC500 series,,No,,Attended regional partner event.
Dr.,Celine,Laurent,Laurent Systems SA,,celine.laurent@laurentsystems.com,,+985 494529490,,,Other,Consulting,Open - Not Contacted,,,5000000,182 Rua Augusta,Nice,,06000,France,GC3000 series,,,,,
Mrs.,Claire,Garcia,Garcia Holdings SARL,President,claire.garcia@garciaholdings.com,,+507 764554819,,,Other,Utilities,Open - Not Contacted,,2500,,115 Rue Victor Hugo,Nice,,,France,GC5000 series,,,,5,
Prof.,Nathalie,Vincent,Vincent Logistics SARL,Plant Manager,nathalie.vincent@vincentlogistics.com,,+973 786687558,,,,,Open - Not Contacted,Cold,,,,Dijon,,21000,France,,,,,,Follow up after product demo webinar.
Prof.,Jose,Rodrigues,JRodrigues Power S.A.,,jose.rodrigues@jrodriguespower.com,+550 194245755,,,,Phone Inquiry,,Closed - Converted,,120,,74 Via Roma,Porto,,4000-001,Portugal,,,,Yes,,Follow up after product demo webinar.
Prof.,Isabelle,Durand,IDurand Logistics SARL,Buyer,isabelle.durand@idurandlogistics.com,,+43 128515794,,,,Entertainment,Open - Not Contacted,,,,,Strasbourg,,,France,,,,,5,
Ms.,Sandrine,Moreau,SMoreau Industries SA,,sandrine.moreau@smoreauindustries.com,+904 252726974,+619 996672678,,https://www.smoreauindustries.com,Other,,Open - Not Contacted,Hot,80,,93 Church Road,Reims,,51100,France,GC1000 series,,,,,
Ms.,,Smith,JSmith Solutions Inc.,CTO,contact@jsmithsolutions.com,+717 559512272,+622 231980274,,https://www.jsmithsolutions.com,Partner Referral,,Open - Not Contacted,,,500000,,Los Angeles,,,United States,,,9728,No,5,Expressed interest during cold call.
,Grace,Watson,Watson Dynamics Ltd.,VP Marketing,grace.watson@watsondynamics.com,,,,https://www.watsondynamics.com,Partner Referral,Government,Open - Not Contacted,Hot,,,,Leeds,,LS1 1BA,United Kingdom,,,,No,,
,Mathieu,Laurent,MLaurent Dynamics SARL,CTO,,,+959 465827709,,,Other,Transportation,Open - Not Contacted,,2500,5000000,155 Rue de la Paix,Angers,,,France,,,,Yes,,
Mr.,,Bernard,JBernard Systems SARL,Plant Manager,contact@jbernardsystems.com,+275 518896589,+725 889398528,,https://www.jbernardsystems.com,Phone Inquiry,Food & Beverage,Open - Not Contacted,,500,,163 High Street,Nice,,06000,France,,In-house legacy unit,,No,,
Mrs.,Claire,Robert,Robert Innovations SARL,,claire.robert@robertinnovations.com,+991 497416138,,,https://www.robertinnovations.com,Partner Referral,,Open - Not Contacted,Warm,50,,,Rennes,,,France,GC1020 series,,,No,,
Mr.,James,Davis,Davis Technologies Corp.,CFO,james.davis@davistechnologies.com,+223 128808678,,,,,Machinery,Open - Not Contacted,,1000,1000000,243 Zone Industrielle,Phoenix,,85001,United States,GC1020 series,Other Corp X100,,,,
,Camille,Michel,CMichel Solutions SARL,VP Sales,camille.michel@cmichelsolutions.com,+69 686783086,+470 571471521,,,,Communications,Open - Not Contacted,,,,,Reims,,,France,GC5000 series,,,Yes,1,
,Karen,Jackson,KJackson Holdings Inc.,,karen.jackson@kjacksonholdings.com,+166 640262109,+964 948124318,,https://www.kjacksonholdings.com,Other,Insurance,Open - Not Contacted,,,250000,,Chicago,,,United States,,,1744,,,Follow up after product demo webinar.
Mr.,Mathis,Wouters,MWouters Technologies SPRL,Procurement Director,,+810 196223229,,,https://www.mwouterstechnologies.com,Partner Referral,,Open - Not Contacted,,,,,Ghent,,9000,Belgium,GC1000 series,,6824,No,1,
Mr.,Julia,Nowakowski,Nowakowski Logistics Sp. z o.o.,Procurement Director,julia.nowakowski@nowakowskilogistics.com,+735 245660991,+126 517065104,,,Other,Energy,Open - Not Contacted,,120,,,Warsaw,,00-001,Poland,GC1020 series,,,,1,
,Valerie,Simon,VSimon Systems SA,CEO,valerie.simon@vsimonsystems.com,,+523 577189199,,,,Machinery,Open - Not Contacted,,80,,,Angers,,49000,France,GC1000 series,,,,,
Mr.,Aminata,Sall,ASall Energy SA,,aminata.sall@asallenergy.com,+90 367930109,,,https://www.asallenergy.com,,,Open - Not Contacted,,,,,Thies,,21000,Senegal,,,,Yes,,
Mrs.,Jennifer,Taylor,Taylor Systems LLC,,jennifer.taylor@taylorsystems.com,+987 228892086,,,,Purchased List,,Open - Not Contacted,,,120000,192 Innovation Drive,San Diego,,,United States,GC5000 series,,,,,
Ms.,,Wagner,Wagner Enterprises AG,Procurement Director,contact@wagnerenterprises.com,+709 147662052,+873 871549421,,,Partner Referral,,Open - Not Contacted,,,,220 Rua Augusta,Cologne,,,Germany,,,,,,Downloaded product catalog from website.
,Lucas,Smit,LSmit Holdings B.V.,,lucas.smit@lsmitholdings.com,+158 679654067,,,https://www.lsmitholdings.com,,,Open - Not Contacted,,,,,Utrecht,,3511,Netherlands,GC1020 series,,,,,
Dr.,Nathalie,Robert,NRobert Global SAS,,,+673 275648753,,,,,,Closed - Converted,,,,,Lille,,59000,France,GC1020 series,,,No,,
,Pierre,Garcia,Garcia Systems SA,Operations Manager,pierre.garcia@garciasystems.com,,,,,,Engineering,Open - Not Contacted,Cold,,1000000,,,,21000,France,,,5526,No,,Looking to replace aging equipment fleet.
Mrs.,Aurelie,Bertrand,Bertrand Consulting SARL,Buyer,aurelie.bertrand@bertrandconsulting.com,,+681 312764866,,,Partner Referral,Environmental,Open - Not Contacted,,250,,6 Commerce Blvd,Dijon,,21000,France,GC3000 series,GC500 series,,No,,
Dr.,Amelia,White,White Corp Ltd.,Procurement Director,amelia.white@whitecorp.com,+935 355047826,,,https://www.whitecorp.com,,Manufacturing,Open - Not Contacted,Warm,,50000,50 Rua Augusta,Manchester,,M1 1AE,United Kingdom,,,,Yes,,
Ms.,Thomas,Simon,TSimon Innovations SAS,Owner,thomas.simon@tsimoninnovations.com,,,,https://www.tsimoninnovations.com,Web,Electronics,Open - Not Contacted,Warm,,,,Grenoble,,,France,GC1000 series,,,No,,Inbound inquiry about maintenance contracts.
,Nathalie,Moreau,NMoreau Consulting SARL,,nathalie.moreau@nmoreauconsulting.com,,,,,Phone Inquiry,Agriculture,Open - Not Contacted,,5,,25 Boulevard Central,Paris,,75001,France,,,,,,
,Mia,Frei,Frei Solutions AG,,mia.frei@freisolutions.com,+811 815675419,+309 140870780,,,Web,,Open - Not Contacted,,80,,185 Hauptstrasse,Zurich,,,Switzerland,,,7408,No,,
,Jean,Garcia,Garcia Logistics SA,IT Director,jean.garcia@garcialogistics.com,+464 972515450,,,,Web,Healthcare,Open - Not Contacted,,,,,Paris,,,France,,,,No,1,
,,David,David Corp SAS,,contact@davidcorp.com,,+148 972111726,,,,Utilities,Open - Not Contacted,,,,,Lyon,,69001,France,,,,,,
Mrs.,Aurelie,Bertrand,Bertrand Power SA,CTO,aurelie.bertrand@bertrandpower.com,+990 851476044,+547 697067214,,https://www.bertrandpower.com,Phone Inquiry,Electronics,Open - Not Contacted,,,,,Dijon,,,France,,,,,,
Dr.,,Fournier,SFournier Systems SARL,Facilities Manager,contact@sfourniersystems.com,+361 422683673,+259 537593013,,,,,Open - Not Contacted,Cold,,,26 High Street,,,34000,France,GC1020 series,,,,,
,,Leroy,VLeroy Logistics SAS,Head of Procurement,contact@vleroylogistics.com,+875 258276118,,,,Purchased List,Retail,Open - Not Contacted,,80,,,Angers,,49000,France,,,,,1,Inbound inquiry about maintenance contracts.
Mr.,Maria,Almeida,MAlmeida Holdings Ltda.,,maria.almeida@malmeidaholdings.com,+96 854903382,+906 342215392,,,Phone Inquiry,,Open - Not Contacted,Hot,,,27 Calle Mayor,Belo Horizonte,,30000-000,Brazil,GC3000 series,,,,,
,Cristina,Lopez,Lopez Logistics S.L.,VP Marketing,cristina.lopez@lopezlogistics.com,+723 868576625,+917 815474970,,,Purchased List,Electronics,Open - Not Contacted,,80,250000,70 Zone Industrielle,,,29001,Spain,,,,,,
,Thomas,Moreau,TMoreau Solutions SARL,,thomas.moreau@tmoreausolutions.com,,+355 898945791,,https://www.tmoreausolutions.com,,Energy,Open - Not Contacted,,,,27 Business Park Way,Montpellier,,34000,France,,,,No,,
Prof.,Michel,David,MDavid Systems SAS,General Manager,,,+970 198652603,,,Other,,Open - Not Contacted,Cold,,,1 Hauptstrasse,,,69001,France,,,,No,,Attended regional partner event.
Ms.,Lara,Roth,LRoth Systems GmbH,,lara.roth@lrothsystems.com,+361 693010827,,,,Purchased List,,Open - Not Contacted,Cold,12,,,Zurich,,8001,Switzerland,,,,,1,
Dr.,Celine,Dubois,CDubois Consulting SA,President,celine.dubois@cduboisconsulting.com,+628 968355014,,,https://www.cduboisconsulting.com,Phone Inquiry,Agriculture,Open - Not Contacted,,,250000,60 Rue de la Paix,Toulouse,,31000,France,GC1000 series,,,,,
Mrs.,Claire,Robert,CRobert Holdings SARL,,claire.robert@crobertholdings.com,,+690 125699176,,https://www.crobertholdings.com,Phone Inquiry,Transportation,Open - Not Contacted,Cold,,10000000,,,,69001,France,GC3000 series,,,,,
,Mathieu,Bernard,Bernard Energy SARL,,mathieu.bernard@bernardenergy.com,+278 428733307,+656 250199913,,,Purchased List,Transportation,Open - Not Contacted,Warm,,1000000,249 Rue Victor Hugo,Dijon,,21000,France,,,,,,Referred by an existing customer.
Prof.,Sophie,Bertrand,Bertrand Dynamics SA,COO,sophie.bertrand@bertranddynamics.com,+9 139137054,,,https://www.bertranddynamics.com,Phone Inquiry,Engineering,Working - Contacted,,,,,Toulouse,,31000,France,GC3000 series,,9435,,2,
Ms.,James,Hernandez,Hernandez Dynamics Corp.,CFO,,+287 215892193,,,,,Communications,Open - Not Contacted,Hot,,,,Austin,,73301,United States,GC3000 series,,,,,
Dr.,Alexandre,Roux,ARoux Enterprises SARL,Sales Director,alexandre.roux@arouxenterprises.com,+887 820003491,,,https://www.arouxenterprises.com,Purchased List,Agriculture,Open - Not Contacted,Cold,,,,Bordeaux,,33000,France,GC1020 series,,,Yes,,
Ms.,Michel,Robert,MRobert Power SARL,,michel.robert@mrobertpower.com,+564 148503642,,,,Phone Inquiry,Hospitality,Open - Not Contacted,,,250000,143 High Street,Lyon,,69001,France,,,,,,Requested a quote via website contact form.
Dr.,Camille,Vincent,CVincent Industries SA,Buyer,camille.vincent@cvincentindustries.com,,+296 614139480,,https://www.cvincentindustries.com,Web,,Open - Not Contacted,Hot,,,,,,,France,GC1020 series,,,,,
Dr.,Pierre,Laurent,PLaurent Services SA,,,,+199 331311013,,,Web,,Open - Not Contacted,,,1000000,108 Station Road,Nice,,06000,France,,,,,,
,Julien,Thomas,Thomas Solutions SARL,VP Sales,julien.thomas@thomassolutions.com,+736 578646505,+800 666359299,,,Partner Referral,Transportation,Open - Not Contacted,,,,215 Industrial Ave,Strasbourg,,,France,GC3000 series,,,No,,
,Lucas,Simon,Simon Group SA,Supply Chain Manager,lucas.simon@simongroup.com,,+436 956313253,,,,,Open - Not Contacted,,500,,,Bruges,,8000,Belgium,GC3000 series,,,No,,
,Thomas,Leroy,TLeroy Services SARL,,thomas.leroy@tleroyservices.com,+571 824531132,,,https://www.tleroyservices.com,Other,Electronics,Open - Not Contacted,,5,2500000,83 Rue de la Paix,Dijon,,,France,GC1000 series,,,Yes,,
Mr.,Thomas,Girard,TGirard Innovations SAS,Procurement Director,thomas.girard@tgirardinnovations.com,,,,,Partner Referral,,Open - Not Contacted,,,250000,208 Avenue Foch,Grenoble,,38000,France,GC3000 series,,4406,,,
,Chiara,Mancini,CMancini Dynamics S.p.A.,General Manager,chiara.mancini@cmancinidynamics.com,,,,https://www.cmancinidynamics.com,Purchased List,Engineering,Open - Not Contacted,,,,,Milan,,,Italy,,,4559,,,
,Antoine,Michel,Michel Power SARL,,antoine.michel@michelpower.com,,+876 930757457,,,,,Open - Not Contacted,Hot,,,,Dijon,,21000,France,GC1020 series,Other Corp X100,,Yes,1,
,Hind,Al Kaabi,Al Kaabi Industries FZE,,hind.alkaabi@alkaabiindustries.com,+830 290291375,,,,Phone Inquiry,,Open - Not Contacted,,,500000,,Dubai,,,United Arab Emirates,,,,No,,Inbound inquiry about maintenance contracts.
Mr.,Sophia,Williams,SWilliams Services PLC,Facilities Manager,sophia.williams@swilliamsservices.com,,,,https://www.swilliamsservices.com,Phone Inquiry,,Open - Not Contacted,Cold,,2500000,,Bristol,,BS1 1AA,United Kingdom,,,,No,,Looking to replace aging equipment fleet.
,Antoine,Bernard,Bernard Industries SA,Managing Director,,+90 563898807,+256 254605939,,https://www.bernardindustries.com,Web,,Open - Not Contacted,Hot,80,,23 Main Street,,,33000,France,,,,No,,
,Maja,Jonasson,MJonasson Global AB,Head of Procurement,maja.jonasson@mjonassonglobal.com,+996 173020918,,,,Other,Other,Open - Not Contacted,,,,26 Rue de la Paix,Stockholm,,111 21,Sweden,GC5000 series,,,,,
Mr.,Paula,Hernandez,PHernandez Global S.A.,Purchasing Manager,paula.hernandez@phernandezglobal.com,,+771 326186924,,,,,Open - Not Contacted,,,2500000,115 Bahnhofstrasse,Bilbao,,48001,Spain,GC1020 series,,,No,5,
Dr.,Jean,Roux,Roux Corp SAS,Managing Director,jean.roux@rouxcorp.com,+625 816645259,,,,,,Open - Not Contacted,Warm,,,84 Rue de la Paix,Lille,,,France,GC1020 series,,,Yes,,
,Maria,Gutierrez,Gutierrez Logistics S.A.,,maria.gutierrez@gutierrezlogistics.com,+964 673394367,,,,Web,,Open - Not Contacted,Hot,,5000000,54 Boulevard Central,Seville,,41001,Spain,,,,,,Requested a quote via website contact form.
Ms.,Yosra,Rekik,Rekik Dynamics SA,Head of Procurement,yosra.rekik@rekikdynamics.com,+503 175933037,+575 891827614,,,,Biotechnology,Open - Not Contacted,,12,,,Sfax,,3000,Tunisia,GC3000 series,,,No,,
,,Martin,Martin International Corp.,CTO,,+119 284252420,+289 456020613,,,Purchased List,Biotechnology,Open - Not Contacted,,,2500000,,Chicago,,60601,United States,GC1000 series,In-house legacy unit,,No,,Referred by an existing customer.
Prof.,Marie,Garcia,MGarcia Enterprises SARL,Managing Director,marie.garcia@mgarciaenterprises.com,+173 650955675,,,,Partner Referral,Retail,Open - Not Contacted,,120,120000,187 Bahnhofstrasse,Lille,,,France,GC5000 series,,,,,
Prof.,Fang,Zhao,"FZhao Holdings Co., Ltd.",,fang.zhao@fzhaoholdings.com,+800 115658420,,,https://www.fzhaoholdings.com,,Retail,Open - Not Contacted,Hot,,,191 Church Road,Shanghai,,200000,China,GC3000 series,,,Yes,,
Dr.,Laurent,Fournier,Fournier Consulting SARL,CEO,laurent.fournier@fournierconsulting.com,+223 721159651,,+206 496477790,,Phone Inquiry,Banking,Open - Not Contacted,,,120000,,Nantes,,44000,France,GC1020 series,In-house legacy unit,3974,No,,
Mrs.,Anna,Goossens,Goossens Solutions SA,VP Sales,,+358 628703143,+148 966515994,,,Phone Inquiry,Electronics,Open - Not Contacted,,,,,Brussels,,1000,Belgium,,,6984,Yes,10,Referred by an existing customer.
Prof.,Ricardo,Chavez,Chavez Power S.C.,Operations Manager,ricardo.chavez@chavezpower.com,,,,,Purchased List,,Open - Not Contacted,,25,50000,137 Rue Victor Hugo,Mexico City,,01000,Mexico,,,,Yes,,
Mrs.,Finn,Brouwer,FBrouwer International B.V.,Purchasing Manager,finn.brouwer@fbrouwerinternational.com,+86 345915393,+205 256782042,,,Purchased List,Retail,Open - Not Contacted,Hot,,,,The Hague,,,Netherlands,,GC800 series,,No,,
Ms.,,Durand,Durand Systems SAS,Managing Director,contact@durandsystems.com,,,,,Web,,Open - Not Contacted,Warm,,,7 Rue Victor Hugo,,,38000,France,,,,No,,
Mrs.,Laurent,David,LDavid Enterprises SA,IT Director,laurent.david@ldavidenterprises.com,,,+741 826523308,,,,Open - Not Contacted,,,,,Grenoble,,38000,France,GC3000 series,,,No,,
Mrs.,,Garcia,EGarcia Enterprises Inc.,,contact@egarciaenterprises.com,+110 648193218,,,,,Transportation,Open - Not Contacted,Hot,500,,87 Commerce Blvd,Chicago,,60601,United States,,,,Yes,,Referred by an existing customer.
Mrs.,Claire,Bernard,Bernard Systems SAS,,,+978 791468439,,+594 144517531,,Other,Technology,Open - Not Contacted,,5,5000000,,Nantes,,,France,GC1020 series,,,No,,
Mrs.,Said,Berrada,Berrada Partners SARL,Sales Director,said.berrada@berradapartners.com,,+889 461058647,+450 736660705,https://www.berradapartners.com,Web,Engineering,Open - Not Contacted,,,500000,,Casablanca,,20000,Morocco,,,,No,,
Ms.,Michel,Dubois,Dubois Group SARL,,michel.dubois@duboisgroup.com,+929 526872196,,,,,,Open - Not Contacted,,,,,Reims,,51100,France,,,4173,Yes,,
,,Hernandez,Hernandez Energy S.A. de C.V.,President,contact@hernandezenergy.com,+485 884300929,,,https://www.hernandezenergy.com,Web,,Open - Not Contacted,,250,,77 High Street,Mexico City,,,Mexico,GC1020 series,,,No,,"Met at trade show, interested in bulk pricing."
Mr.,Aurelie,Lefebvre,ALefebvre Dynamics SAS,CFO,aurelie.lefebvre@alefebvredynamics.com,,,,,Other,,Open - Not Contacted,,250,,125 Park Lane,Paris,,75001,France,GC3000 series,,,Yes,,
Prof.,Pierre,Garcia,Garcia Holdings SARL,COO,pierre.garcia@garciaholdings.com,+61 555041703,+338 929171481,,https://www.garciaholdings.com,Purchased List,Construction,Open - Not Contacted,,50,,,Lille,,59000,France,,,5780,,5,
,Ana,Jimenez,AJimenez Industries S.L.,Owner,ana.jimenez@ajimenezindustries.com,,+307 668517739,,,,Environmental,Open - Not Contacted,Warm,,,,,,,Spain,,,,,,
Ms.,Marie,Laurent,MLaurent Group SAS,CTO,marie.laurent@mlaurentgroup.com,+422 843950587,+725 938336171,,,,,Open - Not Contacted,,,,90 Bahnhofstrasse,,,,France,GC5000 series,,,,,
Dr.,Pedro,Marques,PMarques Consulting Lda.,COO,pedro.marques@pmarquesconsulting.com,+774 750648859,,,https://www.pmarquesconsulting.com,,Apparel,Open - Not Contacted,Hot,,,244 Main Street,Lisbon,,1000-001,Portugal,GC3000 series,,,No,,
Ms.,Marie,Roux,MRoux Partners SAS,,marie.roux@mrouxpartners.com,,,,https://www.mrouxpartners.com,Web,Biotechnology,Open - Not Contacted,,,,108 Park Lane,Marseille,,13001,France,GC1020 series,,,,,
,Finn,Muller,Muller Dynamics AG,,finn.muller@mullerdynamics.com,,,,,Web,,Working - Contacted,,,,2 Boulevard Central,Frankfurt,,60311,Germany,,Other Corp X100,,,,
Ms.,Jack,Robinson,Robinson Partners Ltd.,,jack.robinson@robinsonpartners.com,+678 298916958,,,,Web,Consulting,Open - Not Contacted,Hot,,,,,,G1 1AA,United Kingdom,GC5000 series,None,,,,"Met at trade show, interested in bulk pricing."
Mrs.,Rania,Hamdi,RHamdi Services SPA,,,+139 562830211,,,,,Machinery,Open - Not Contacted,,,10000000,,Algiers,,,Algeria,GC3000 series,Other Corp X100,,,5,
Dr.,Isabelle,David,IDavid Services SARL,General Manager,isabelle.david@idavidservices.com,,,,https://www.idavidservices.com,Web,Technology,Open - Not Contacted,,5,120000,23 Station Road,Nice,,06000,France,GC5000 series,,,No,,
,Felix,Wolf,FWolf Energy AG,CFO,felix.wolf@fwolfenergy.com,,,,,Phone Inquiry,,Open - Not Contacted,,,,225 Park Lane,Cologne,,,Germany,,,,,,
Mrs.,Celine,Durand,CDurand Services SAS,VP Sales,celine.durand@cdurandservices.com,+699 219863721,+692 462548059,,,Other,Media,Open - Not Contacted,,,,243 Boulevard Central,Lyon,,,France,GC1000 series,,,Yes,1,
Dr.,Michel,Moreau,Moreau Dynamics SARL,Facilities Manager,michel.moreau@moreaudynamics.com,,,,,Web,,Open - Not Contacted,Warm,250,10000000,,Toulouse,,,France,,,,No,5,
,Pierre,Fournier,Fournier Holdings SAS,,pierre.fournier@fournierholdings.com,,,,,,Technology,Open - Not Contacted,Hot,,,,Marseille,,13001,France,,,,,20,Inbound inquiry about maintenance contracts.
Ms.,Emily,Williams,EWilliams Corp PLC,General Manager,emily.williams@ewilliamscorp.com,+391 765910573,,,https://www.ewilliamscorp.com,Web,,Open - Not Contacted,,,,,Leeds,,LS1 1BA,United Kingdom,,,,,,Referred by an existing customer.
,,Benjelloun,ABenjelloun Group SA,President,contact@abenjelloungroup.com,+587 998676416,+544 512932900,,,,,Working - Contacted,,,,,Tangier,,90000,Morocco,GC3000 series,,,,,
Dr.,Carlos,Perez,Perez Global S.C.,CEO,carlos.perez@perezglobal.com,+801 171572062,,,https://www.perezglobal.com,Partner Referral,Technology,Closed - Not Converted,Cold,500,,52 Innovation Drive,Monterrey,,64000,Mexico,GC1020 series,,4840,,,
,Claire,Bertrand,Bertrand Solutions SAS,VP Sales,,,,,https://www.bertrandsolutions.com,Phone Inquiry,,Open - Not Contacted,Hot,,,236 Innovation Drive,Lille,,,France,,,,,20,
,Susan,Rodriguez,SRodriguez Logistics Inc.,,susan.rodriguez@srodriguezlogistics.com,,,,,Phone Inquiry,,Open - Not Contacted,,,,138 Market Street,Dallas,,75201,United States,GC1000 series,GC1000 series (old model),,,,
Mrs.,Laurent,Robert,LRobert Enterprises SA,Facilities Manager,,+200 182420995,,,https://www.lrobertenterprises.com,Web,Other,Open - Not Contacted,,,10000000,,Paris,,75001,France,,,,No,20,
,Rania,Bouras,RBouras Services SARL,CTO,rania.bouras@rbourasservices.com,+330 281032794,,,,,Telecommunications,Open - Not Contacted,,,,200 Avenue Foch,Algiers,,16000,Algeria,GC3000 series,,,No,,
Mr.,Alexandre,Durand,ADurand Holdings SAS,Plant Manager,alexandre.durand@adurandholdings.com,+31 370452086,,,,Partner Referral,Electronics,Closed - Not Converted,,,,207 Rue Victor Hugo,,,,France,,,,Yes,3,
Prof.,Antoine,Simon,ASimon Enterprises SARL,CFO,antoine.simon@asimonenterprises.com,+216 287091587,,,https://www.asimonenterprises.com,Phone Inquiry,Entertainment,Open - Not Contacted,,1000,,,Reims,,51100,France,GC1000 series,Other Corp X100,,,3,Inbound inquiry about maintenance contracts.
Dr.,Michel,David,MDavid Services SARL,Procurement Director,michel.david@mdavidservices.com,,+661 987832640,,,,Government,Closed - Not Converted,,,120000,241 Via Roma,Nantes,,44000,France,GC5000 series,,,Yes,1,
,Thomas,Martin,TMartin Partners Inc.,,,,,,,Other,,Working - Contacted,Hot,,,,,,78201,United States,GC1000 series,,,No,3,
,Finn,Neumann,Neumann Corp AG,CEO,finn.neumann@neumanncorp.com,+730 471026547,+332 326581824,,,Web,Recreation,Working - Contacted,,,,,Dusseldorf,,40213,Germany,GC5000 series,GC800 series,,,,
Mr.,Jan,Kwiatkowski,Kwiatkowski Energy S.A.,,jan.kwiatkowski@kwiatkowskienergy.com,,+821 631757048,,,Phone Inquiry,Energy,Open - Not Contacted,,,,234 Rua Augusta,Warsaw,,00-001,Poland,,,,,,
,Amadou,Diallo,ADiallo Global SARL,,amadou.diallo@adialloglobal.com,+629 593028933,,,https://www.adialloglobal.com,,,Open - Not Contacted,,1000,5000000,118 Rue de la Paix,Dakar,,10000,Senegal,,,,No,,"Met at trade show, interested in bulk pricing."
Dr.,Joseph,Wilson,JWilson Holdings LLC,Procurement Director,joseph.wilson@jwilsonholdings.com,+946 819010480,+88 267965485,,,,,Open - Not Contacted,,,,171 Hauptstrasse,San Antonio,,,United States,,,,No,1,
Mr.,Finn,Fischer,FFischer Group AG,CTO,finn.fischer@ffischergroup.com,+340 482209870,+560 944716489,,,,,Open - Not Contacted,Cold,,,73 Church Road,Frankfurt,,60311,Germany,GC1000 series,In-house legacy unit,,,,
Dr.,Claire,Petit,Petit International SAS,Procurement Director,claire.petit@petitinternational.com,,+415 631374704,,https://www.petitinternational.com,,Retail,Open - Not Contacted,,,,,Lille,,,France,GC3000 series,,,No,,
,Lisa,Johnson,Johnson Services LLC,,lisa.johnson@johnsonservices.com,+702 865784972,,,https://www.johnsonservices.com,Phone Inquiry,Healthcare,Open - Not Contacted,,500,,29 Zone Industrielle,San Diego,,,United States,GC1000 series,,,No,2,"Met at trade show, interested in bulk pricing."
,Marie,Simon,MSimon Services SAS,VP Marketing,marie.simon@msimonservices.com,,+223 970045975,,https://www.msimonservices.com,Phone Inquiry,Utilities,Open - Not Contacted,Warm,80,,73 Boulevard Central,Angers,,49000,France,,,,,,
Ms.,Thomas,Girard,TGirard Global SA,Owner,thomas.girard@tgirardglobal.com,+370 288776235,+350 965014398,,,Purchased List,,Open - Not Contacted,Cold,,,,Bordeaux,,33000,France,GC1000 series,,,No,,
Mr.,Juan,Gonzalez,JGonzalez Consulting S.A.,Head of Procurement,juan.gonzalez@jgonzalezconsulting.com,+731 596413557,,,,,,Open - Not Contacted,Warm,80,,,Barcelona,,08001,Spain,GC1000 series,,3934,No,1,
Prof.,Karen,Wilson,Wilson Innovations Inc.,Owner,karen.wilson@wilsoninnovations.com,+229 916164431,,+477 551701149,https://www.wilsoninnovations.com,Web,Hospitality,Open - Not Contacted,,,2500000,,,,,United States,,,,,5,
Mrs.,Michel,Robert,Robert Corp SA,CFO,michel.robert@robertcorp.com,+739 130921814,+71 262451159,,,,Utilities,Open - Not Contacted,,25,10000000,150 High Street,Lyon,,69001,France,,,,No,20,Looking to replace aging equipment fleet.
Mr.,Claire,Lefebvre,CLefebvre Industries SA,IT Director,claire.lefebvre@clefebvreindustries.com,+883 489047966,,,https://www.clefebvreindustries.com,Purchased List,Food & Beverage,Open - Not Contacted,,,2500000,,,,06000,France,GC5000 series,,6796,No,,Referred by an existing customer.
,Linda,Jones,LJones Dynamics Corp.,,linda.jones@ljonesdynamics.com,,,,,Purchased List,Apparel,Open - Not Contacted,,,,36 High Street,San Diego,,92101,United States,,,,No,,
Prof.,Aurelie,Lefebvre,ALefebvre Innovations SARL,Managing Director,aurelie.lefebvre@alefebvreinnovations.com,+465 245000560,,,,Phone Inquiry,,Closed - Converted,,,,94 Station Road,Paris,,75001,France,,,,Yes,,
Ms.,Pierre,David,PDavid Systems SAS,,pierre.david@pdavidsystems.com,+911 477323835,,,,,Utilities,Open - Not Contacted,,120,,,Angers,,,France,,,,No,,
Mr.,Julien,Roux,JRoux Holdings SA,Sales Director,julien.roux@jrouxholdings.com,+594 552805286,,,,,,Open - Not Contacted,Hot,,,,Lille,,59000,France,,GC500 series,,Yes,3,
Prof.,Sofia,Weber,SWeber Holdings AG,Owner,sofia.weber@sweberholdings.com,,,,https://www.sweberholdings.com,Purchased List,,Open - Not Contacted,,1000,,,Berlin,,,Germany,GC1020 series,,9624,,,
Mr.,Sophie,David,David Technologies SARL,,sophie.david@davidtechnologies.com,,,,https://www.davidtechnologies.com,Phone Inquiry,Retail,Open - Not Contacted,,,,,,,49000,France,,,,,,Looking to replace aging equipment fleet.
Ms.,Alexandre,David,David Innovations SA,General Manager,alexandre.david@davidinnovations.com,+378 375729850,,,,Phone Inquiry,Shipping,Open - Not Contacted,Hot,,1000000,161 Business Park Way,Reims,,51100,France,,,,Yes,,Follow up after product demo webinar.
,,Bertrand,Bertrand Logistics SAS,Sales Director,contact@bertrandlogistics.com,+306 692876762,,,,Other,Government,Open - Not Contacted,,,50000,53 Zone Industrielle,Marseille,,13001,France,,,,Yes,1,
,Claire,Moreau,Moreau Corp SAS,,claire.moreau@moreaucorp.com,,+379 563695915,,,,Banking,Open - Not Contacted,,,,150 Rue Victor Hugo,Lille,,59000,France,,,,,,"Met at trade show, interested in bulk pricing."
Dr.,Nathalie,Thomas,Thomas Energy SARL,Operations Manager,nathalie.thomas@thomasenergy.com,,+231 549344015,,,Partner Referral,Retail,Open - Not Contacted,Hot,2500,,188 Rue de la Paix,Lyon,,69001,France,,,,Yes,1,
Dr.,Sophie,Durand,SDurand Enterprises SAS,,sophie.durand@sdurandenterprises.com,+340 748872850,,,https://www.sdurandenterprises.com,Web,,Closed - Converted,,,,,Lyon,,,France,GC1020 series,,,No,,
,Jean,Michel,Michel Solutions SARL,,,+165 651741993,+768 521040982,,https://www.michelsolutions.com,,Retail,Open - Not Contacted,,,,,Paris,,75001,France,,,,Yes,1,
Ms.,,Girard,SGirard Services SARL,Supply Chain Manager,,+335 453314199,,,,Partner Referral,Entertainment,Open - Not Contacted,Cold,,,,,,13001,France,GC3000 series,,,No,,
Mrs.,,Williams,Williams International Corp.,,contact@williamsinternational.com,,+986 515134794,,https://www.williamsinternational.com,,Consulting,Open - Not Contacted,,5,,207 Boulevard Central,New York,,,United States,GC1020 series,In-house legacy unit,,,,Looking to replace aging equipment fleet.
Dr.,Isabelle,Petit,Petit Systems SA,Sales Director,,,,,,Partner Referral,Telecommunications,Open - Not Contacted,Warm,,2500000,,Nice,,,France,,,,,,Inbound inquiry about maintenance contracts.
Dr.,Wei,Wang,"Wang Energy Co., Ltd.",,wei.wang@wangenergy.com,,,,,,,Working - Contacted,Warm,12,,,Shenzhen,,518000,China,,,,No,,
Mrs.,Thomas,Johnson,TJohnson Holdings PLC,,thomas.johnson@tjohnsonholdings.com,+283 737339300,,,,Other,Insurance,Open - Not Contacted,,,,,Manchester,,M1 1AE,United Kingdom,GC5000 series,,,,,
,Isabelle,Dubois,Dubois Systems SARL,Head of Procurement,isabelle.dubois@duboissystems.com,+31 581451022,,+754 768415071,,Partner Referral,Banking,Open - Not Contacted,,,,,Strasbourg,,67000,France,,Competitor Y200,4876,No,,
Prof.,Noah,Weber,Weber Systems AG,Operations Manager,noah.weber@webersystems.com,+27 620667011,,,,Partner Referral,Recreation,Open - Not Contacted,,50,50000,,Frankfurt,,60311,Germany,GC5000 series,None,,No,,
Prof.,Elias,Muller,EMuller Energy AG,Head of Procurement,,,,,https://www.emullerenergy.com,Other,Government,Open - Not Contacted,,500,,14 Innovation Drive,Hamburg,,20095,Germany,,Other Corp X100,,,,
,,Vincent,CVincent Technologies SAS,VP Sales,,+675 643018218,,+631 764900439,https://www.cvincenttechnologies.com,Other,Utilities,Open - Not Contacted,,,,217 Rue de la Paix,Montpellier,,,France,GC3000 series,GC800 series,,,,
Mrs.,Rim,Ferjani,Ferjani Enterprises SA,,rim.ferjani@ferjanienterprises.com,+252 435630898,,,,,Transportation,Open - Not Contacted,,,,37 Calle Mayor,Sousse,,4000,Tunisia,GC1020 series,GC800 series,,,,
Dr.,Laurent,Leroy,Leroy Global SAS,,laurent.leroy@leroyglobal.com,,,,,,Environmental,Open - Not Contacted,,50,,,Lyon,,69001,France,,,,Yes,,Attended regional partner event.
Mr.,,Michel,JMichel Energy SARL,IT Director,contact@jmichelenergy.com,+867 835840463,,,,,,Open - Not Contacted,Hot,,250000,,Reims,,51100,France,,,,,,
,Luca,Graf,Graf International AG,CTO,luca.graf@grafinternational.com,,,,https://www.grafinternational.com,Phone Inquiry,Biotechnology,Open - Not Contacted,Cold,5,120000,,Lausanne,,,Switzerland,GC1000 series,,,,20,
Ms.,Laurent,Leroy,LLeroy Technologies SA,VP Marketing,laurent.leroy@lleroytechnologies.com,,,,,Web,Food & Beverage,Open - Not Contacted,Hot,,,,Lyon,,69001,France,,,,,,
Ms.,Henry,Smith,HSmith Consulting Ltd.,Head of Procurement,henry.smith@hsmithconsulting.com,,,,,Phone Inquiry,,Open - Not Contacted,Cold,,,97 Station Road,Glasgow,,G1 1AA,United Kingdom,GC1020 series,,7131,,,
Ms.,Antonio,Pinto,APinto Holdings S.A.,,antonio.pinto@apintoholdings.com,,+329 713713165,,,Purchased List,,Open - Not Contacted,,2500,,,Braga,,,Portugal,GC3000 series,,1506,Yes,,
Ms.,Elsa,Pettersson,EPettersson International AB,VP Sales,elsa.pettersson@epetterssoninternational.com,+71 613156663,,,https://www.epetterssoninternational.com,,,Open - Not Contacted,,5,,248 Boulevard Central,Stockholm,,111 21,Sweden,,,,No,,
Mr.,Sophie,Bertrand,Bertrand Partners SAS,VP Sales,sophie.bertrand@bertrandpartners.com,,,,https://www.bertrandpartners.com,Partner Referral,,Open - Not Contacted,Warm,2500,,35 Zone Industrielle,Lille,,59000,France,GC3000 series,,,No,5,
Dr.,Anil,Choudhury,AChoudhury Services Pvt. Ltd.,,anil.choudhury@achoudhuryservices.com,+975 979651607,+153 123228017,,https://www.achoudhuryservices.com,,,Open - Not Contacted,,5,,,,,600001,India,,,,No,,
Dr.,Julien,Laurent,JLaurent Holdings SARL,,,+623 169733842,+487 392858314,,,,Telecommunications,Open - Not Contacted,,,,,Lille,,59000,France,GC3000 series,,,No,2,
Mr.,Camille,Bernard,CBernard Solutions SAS,,camille.bernard@cbernardsolutions.com,,,,,Web,Other,Open - Not Contacted,,,,235 Calle Mayor,Dijon,,21000,France,,,,,,
Dr.,Jean,Simon,Simon Technologies SA,,jean.simon@simontechnologies.com,+241 389042391,,,https://www.simontechnologies.com,Other,,Open - Not Contacted,,,,227 Rua Augusta,Strasbourg,,67000,France,,,,,,
Dr.,Antoine,Lefebvre,Lefebvre Systems SAS,Buyer,antoine.lefebvre@lefebvresystems.com,,,,https://www.lefebvresystems.com,Purchased List,Banking,Open - Not Contacted,,,,216 Avenue Foch,Grenoble,,38000,France,GC3000 series,,,,5,Referred by an existing customer.
Mr.,Isabelle,Martin,Martin Solutions SARL,Facilities Manager,,+908 167353357,+508 171078287,,,Partner Referral,Healthcare,Open - Not Contacted,,,2500000,239 Park Lane,Bordeaux,,33000,France,GC3000 series,,,Yes,,"Existing customer, expansion opportunity."
Mrs.,Javier,Alonso,Alonso Power S.L.,,javier.alonso@alonsopower.com,+513 477767769,,,,Phone Inquiry,,Open - Not Contacted,Cold,12,,,Bilbao,,48001,Spain,GC1000 series,Other Corp X100,,Yes,,
,Harry,Walker,HWalker International Ltd.,Sales Director,harry.walker@hwalkerinternational.com,,,,https://www.hwalkerinternational.com,Purchased List,Electronics,Open - Not Contacted,Cold,,5000000,,Bristol,,BS1 1AA,United Kingdom,,In-house legacy unit,,No,1,Inbound inquiry about maintenance contracts.
Mrs.,Sunita,Joshi,Joshi Dynamics Pvt. Ltd.,President,sunita.joshi@joshidynamics.com,,+346 187367064,,,Partner Referral,Apparel,Open - Not Contacted,Warm,,,,Chennai,,600001,India,,,,,20,
Dr.,Maximilian,Schulz,MSchulz Group AG,CFO,maximilian.schulz@mschulzgroup.com,+215 743739891,+825 815813974,,https://www.mschulzgroup.com,Phone Inquiry,,Open - Not Contacted,,50,,192 Park Lane,Stuttgart,,70173,Germany,GC5000 series,,,Yes,20,Expressed interest during cold call.
Mrs.,Rania,Benali,Benali Energy SARL,President,rania.benali@benalienergy.com,+127 235259577,+330 431800123,,,Purchased List,Hospitality,Open - Not Contacted,,,,228 Innovation Drive,Constantine,,25000,Algeria,GC1020 series,,,,,
Ms.,Mathieu,Garcia,Garcia Global SAS,,mathieu.garcia@garciaglobal.com,,+970 330087920,+455 655252674,,Purchased List,,Open - Not Contacted,,,,,,,49000,France,GC1000 series,,,Yes,,
,Antoine,Bernard,ABernard Solutions SAS,Buyer,antoine.bernard@abernardsolutions.com,+627 547137108,+701 551568151,,,Purchased List,,Open - Not Contacted,,120,,116 Station Road,,,31000,France,GC3000 series,,,,5,
,Charlie,Taylor,Taylor Energy PLC,,charlie.taylor@taylorenergy.com,,,,https://www.taylorenergy.com,Phone Inquiry,Government,Open - Not Contacted,Hot,250,,93 Rue de la Paix,Edinburgh,,EH1 1AA,United Kingdom,,,,Yes,,
Mr.,Thomas,Petit,TPetit Holdings SAS,Operations Manager,thomas.petit@tpetitholdings.com,,,,,Other,Communications,Working - Contacted,,,120000,64 Commerce Blvd,Reims,,,France,GC1020 series,,,No,,
Ms.,,Michel,AMichel Industries SAS,Facilities Manager,contact@amichelindustries.com,+381 197118688,,,,,Government,Open - Not Contacted,,,,,Marseille,,13001,France,,,,No,,
Mr.,Matteo,Ricci,Ricci Innovations S.r.l.,,matteo.ricci@ricciinnovations.com,+650 337409946,+178 937430524,,https://www.ricciinnovations.com,,Entertainment,Open - Not Contacted,,,,163 Church Road,Bologna,,,Italy,GC3000 series,,,No,,
Mr.,Antoine,Bernard,Bernard Global SAS,,antoine.bernard@bernardglobal.com,,,,https://www.bernardglobal.com,,Finance,Open - Not Contacted,,,,113 Boulevard Central,Marseille,,13001,France,GC3000 series,Competitor Y200,,Yes,10,
,Louis,Willems,LWillems Dynamics SA,,louis.willems@lwillemsdynamics.com,+695 856748995,,,,Phone Inquiry,,Open - Not Contacted,,2500,,,Brussels,,1000,Belgium,GC5000 series,,,,2,
Mr.,,Durand,Durand Services SA,Operations Manager,contact@durandservices.com,,+496 872967268,,,,Hospitality,Open - Not Contacted,,,,,Lille,,,France,GC1020 series,,,Yes,,Follow up after product demo webinar.
Dr.,Charlotte,Thomas,Thomas Energy Ltd.,,,+655 158442674,,,https://www.thomasenergy.com,Web,,Open - Not Contacted,,,,,,,M1 1AE,United Kingdom,,,,Yes,,
Mrs.,Jun,Yang,"Yang Power Co., Ltd.",CEO,jun.yang@yangpower.com,+316 747552461,,,,Web,,Working - Contacted,Hot,,,,Beijing,,,China,GC1000 series,,,Yes,,Follow up after product demo webinar.
Mr.,Thomas,Moreau,TMoreau Holdings SARL,Purchasing Manager,thomas.moreau@tmoreauholdings.com,+659 547998956,,,https://www.tmoreauholdings.com,,,Open - Not Contacted,,,,,Angers,,49000,France,,,,,,
Dr.,Noah,Fischer,NFischer Partners GmbH,COO,noah.fischer@nfischerpartners.com,+286 848174606,,,https://www.nfischerpartners.com,Purchased List,,Open - Not Contacted,,,,,Lausanne,,1003,Switzerland,GC1000 series,,,,,Referred by an existing customer.
,Benjamin,Roy,BRoy Partners Inc.,,benjamin.roy@broypartners.com,+13 558876968,,,,Other,,Open - Not Contacted,,,,222 Calle Mayor,Ottawa,,K1P 1J1,Canada,GC1020 series,GC500 series,,Yes,1,
Dr.,Camille,Girard,CGirard Technologies SARL,,,+768 241096074,,,https://www.cgirardtechnologies.com,,,Open - Not Contacted,,,1000000,39 Industrial Ave,Rennes,,35000,France,GC1000 series,,,,,
Dr.,Michel,Leroy,Leroy Holdings SARL,Head of Procurement,michel.leroy@leroyholdings.com,+641 265542934,,,https://www.leroyholdings.com,Phone Inquiry,,Open - Not Contacted,Cold,,,231 Boulevard Central,Nantes,,,France,,,,Yes,,Inbound inquiry about maintenance contracts.
Mr.,,Martin,CMartin Corp SAS,,contact@cmartincorp.com,,,,,,,Open - Not Contacted,Cold,,,,Nice,,06000,France,GC3000 series,,,Yes,,
Mrs.,,Chaouachi,Chaouachi Consulting SARL,,contact@chaouachiconsulting.com,,,,,Partner Referral,Education,Closed - Converted,,2500,,,Tunis,,1000,Tunisia,GC1000 series,,6844,Yes,,
Dr.,Valerie,Leroy,Leroy Enterprises SAS,,valerie.leroy@leroyenterprises.com,,,,,,,Open - Not Contacted,Warm,,,,Reims,,51100,France,GC5000 series,,,Yes,,Requested a quote via website contact form.
Prof.,Celine,Simon,Simon Solutions SARL,,celine.simon@simonsolutions.com,+723 976132106,,,https://www.simonsolutions.com,Phone Inquiry,Finance,Open - Not Contacted,,,,195 Zone Industrielle,Lyon,,69001,France,GC5000 series,,,No,3,
,Camille,Michel,CMichel International SAS,CTO,camille.michel@cmichelinternational.com,+245 497939599,,,https://www.cmichelinternational.com,Purchased List,Retail,Open - Not Contacted,,,,,Nice,,06000,France,,,,,5,
Mr.,Levi,Jansen,LJansen Power B.V.,Plant Manager,,,,,,,,Open - Not Contacted,,2500,,122 Station Road,The Hague,,2511,Netherlands,GC1020 series,,5280,,,Expressed interest during cold call.
Mrs.,Claire,Fournier,CFournier Power SAS,Buyer,claire.fournier@cfournierpower.com,+16 249724506,,,https://www.cfournierpower.com,Phone Inquiry,,Open - Not Contacted,Hot,,,,,,69001,France,,,,Yes,,
Mr.,Ella,Jonsson,Jonsson Industries AB,,ella.jonsson@jonssonindustries.com,+215 698307414,+918 368108970,,,Partner Referral,,Open - Not Contacted,,,500000,,Malmo,,,Sweden,,,,Yes,20,
Mr.,Nicolas,Vincent,Vincent Power SARL,,nicolas.vincent@vincentpower.com,+201 781694209,+908 158838709,+311 163852145,https://www.vincentpower.com,Purchased List,,Open - Not Contacted,,,120000,101 Innovation Drive,Bordeaux,,,France,,,,,,
Dr.,Sophie,Durand,SDurand Technologies SA,VP Sales,sophie.durand@sdurandtechnologies.com,,,,,,Not For Profit,Open - Not Contacted,,,,,Nice,,06000,France,GC1020 series,,,,,
,Samira,Alaoui,SAlaoui Enterprises SARL,General Manager,,+869 540784021,,,,Purchased List,Healthcare,Working - Contacted,,25,,,Rabat,,10000,Morocco,,,4437,,,
,Michel,Laurent,Laurent Group SARL,,michel.laurent@laurentgroup.com,+398 631967075,,,https://www.laurentgroup.com,Phone Inquiry,,Open - Not Contacted,Hot,,,,Nantes,,,France,GC3000 series,,,,,
Dr.,,Kefi,Kefi Partners SARL,,contact@kefipartners.com,,+798 844014192,,,Purchased List,Finance,Open - Not Contacted,,500,2500000,,Sfax,,3000,Tunisia,,,,No,1,
Ms.,Sandrine,Bertrand,Bertrand Solutions SA,,sandrine.bertrand@bertrandsolutions.com,,+976 589515107,,https://www.bertrandsolutions.com,Partner Referral,,Open - Not Contacted,,500,,,Montpellier,,,France,GC5000 series,None,,No,2,
,Isabelle,Thomas,Thomas International SAS,,isabelle.thomas@thomasinternational.com,,+672 599552332,,https://www.thomasinternational.com,Purchased List,,Open - Not Contacted,,50,120000,,Lyon,,69001,France,GC1000 series,,,No,,
Mrs.,Ahmed,Al Falasi,AAl Falasi Global FZE,,ahmed.alfalasi@aalfalasiglobal.com,+812 453620722,,,https://www.aalfalasiglobal.com,Phone Inquiry,Finance,Open - Not Contacted,Cold,,,224 Bahnhofstrasse,Sharjah,,,United Arab Emirates,,,7962,Yes,,
Dr.,Francesco,Ricci,Ricci Group S.p.A.,Owner,francesco.ricci@riccigroup.com,,,,,Purchased List,,Open - Not Contacted,,500,,249 Market Street,Bologna,,,Italy,GC3000 series,,,Yes,,
,Aurelie,Bernard,ABernard Energy SA,Buyer,aurelie.bernard@abernardenergy.com,,,,https://www.abernardenergy.com,Web,,Open - Not Contacted,,,5000000,129 Hauptstrasse,Lille,,59000,France,GC1000 series,,,Yes,,
Prof.,Claire,Petit,Petit Technologies SAS,VP Sales,claire.petit@petittechnologies.com,,,,,Phone Inquiry,,Open - Not Contacted,,25,1000000,2 Market Street,Lyon,,69001,France,,,,,,
Prof.,Sophie,Durand,Durand Systems SARL,Procurement Director,sophie.durand@durandsystems.com,,+22 648186811,,https://www.durandsystems.com,Web,Consulting,Open - Not Contacted,,12,5000000,,Grenoble,,38000,France,,Other Corp X100,,,,
Prof.,Beatriz,Lima,BLima Innovations S.A.,Buyer,beatriz.lima@blimainnovations.com,+609 440359901,,,https://www.blimainnovations.com,,Retail,Open - Not Contacted,,80,250000,,Rio de Janeiro,,20000-000,Brazil,GC1000 series,,,No,,
Mr.,Camille,Vincent,CVincent Power SARL,Sales Director,camille.vincent@cvincentpower.com,+651 547054585,,,https://www.cvincentpower.com,Phone Inquiry,Media,Open - Not Contacted,,,,,Strasbourg,,,France,,None,,,,Inbound inquiry about maintenance contracts.
Ms.,Meryem,Ouazzani,MOuazzani Industries SARL,Supply Chain Manager,meryem.ouazzani@mouazzaniindustries.com,+763 156614414,,,,,Retail,Open - Not Contacted,,,,,Rabat,,,Morocco,GC1020 series,,,,,
,Marie,Durand,MDurand Corp SARL,CFO,marie.durand@mdurandcorp.com,,+368 781621296,,,Phone Inquiry,Agriculture,Working - Contacted,Cold,,,101 Calle Mayor,Strasbourg,,67000,France,,GC800 series,,,,
Dr.,,Lopez,Lopez International S.A.,Managing Director,contact@lopezinternational.com,,,,https://www.lopezinternational.com,Other,Chemicals,Open - Not Contacted,,,,,Seville,,41001,Spain,GC1000 series,,8583,Yes,,Expressed interest during cold call.
Prof.,Jonas,Koch,Koch Energy GmbH,Sales Director,jonas.koch@kochenergy.com,,+35 193134088,,,Phone Inquiry,,Open - Not Contacted,Hot,2500,250000,,Munich,,80331,Germany,,,,No,,
Dr.,Celine,Bernard,Bernard Holdings SAS,Operations Manager,,+427 919669496,,,,Partner Referral,,Open - Not Contacted,,,10000000,,Reims,,,France,GC1020 series,In-house legacy unit,,Yes,,Attended regional partner event.
,Adam,Dubois,ADubois Industries SA,Facilities Manager,adam.dubois@aduboisindustries.com,,+166 372157065,+641 241080809,,,,Closed - Not Converted,,,,,,,8000,Belgium,,,,,,
Mr.,David,Ruiz,Ruiz Dynamics S.L.,,david.ruiz@ruizdynamics.com,+566 751509315,,,,Other,,Open - Not Contacted,,,,240 Industrial Ave,Valencia,,,Spain,GC1020 series,,,,,Requested a quote via website contact form.
Mrs.,Valerie,Simon,Simon Power SA,Head of Procurement,valerie.simon@simonpower.com,,+482 178927204,,https://www.simonpower.com,Web,Electronics,Working - Contacted,,,5000000,,,,31000,France,GC1020 series,,,Yes,,
Mr.,Pierre,Robert,Robert Enterprises SARL,,,+252 663626772,,,,Other,,Open - Not Contacted,,5,,237 Market Street,Reims,,51100,France,,,,,,Looking to replace aging equipment fleet.
,Mathieu,Lefebvre,Lefebvre Solutions SARL,VP Sales,mathieu.lefebvre@lefebvresolutions.com,,+40 395365934,+352 198306356,https://www.lefebvresolutions.com,Partner Referral,Finance,Open - Not Contacted,Warm,,,,Reims,,51100,France,GC3000 series,GC1000 series (old model),,,2,
,Aurelie,Laurent,ALaurent Systems SAS,,aurelie.laurent@alaurentsystems.com,+36 312790536,,,https://www.alaurentsystems.com,Purchased List,,Open - Not Contacted,Hot,,,,Toulouse,,31000,France,,,4246,,,
Prof.,Camille,Mertens,Mertens Innovations SPRL,CFO,camille.mertens@mertensinnovations.com,,,,,Web,Energy,Open - Not Contacted,,250,,120 Boulevard Central,,,1000,Belgium,GC1000 series,,,,5,Downloaded product catalog from website.
Mr.,Michael,Davis,MDavis Dynamics LLC,,michael.davis@mdavisdynamics.com,+580 191390501,,,,,Media,Open - Not Contacted,,,,,,,60601,United States,GC3000 series,,5835,No,1,
Mrs.,Lukas,Hoffmann,LHoffmann Global GmbH,Supply Chain Manager,lukas.hoffmann@lhoffmannglobal.com,+513 885254207,,+254 950926679,https://www.lhoffmannglobal.com,Phone Inquiry,Media,Open - Not Contacted,,1000,,,Berlin,,,Germany,,Competitor Y200,,No,,
Ms.,Carmen,Gonzalez,Gonzalez Dynamics S.A.,Procurement Director,carmen.gonzalez@gonzalezdynamics.com,+782 934239835,,,,Purchased List,Transportation,Open - Not Contacted,,,,,Seville,,41001,Spain,GC1020 series,GC800 series,,,,
Mrs.,Maria,Diaz,Diaz Corp S.A.,,maria.diaz@diazcorp.com,,,,,,,Open - Not Contacted,,,,,Seville,,,Spain,,,,Yes,,Requested a quote via website contact form.
Ms.,Mathieu,Michel,Michel Technologies SA,CEO,mathieu.michel@micheltechnologies.com,,,,,,,Open - Not Contacted,,,,229 Bahnhofstrasse,Paris,,75001,France,,Other Corp X100,,,,
,Alexandre,Fournier,Fournier Dynamics SA,,alexandre.fournier@fournierdynamics.com,+492 763027800,+903 482790574,,https://www.fournierdynamics.com,Web,,Open - Not Contacted,,,2500000,103 Via Roma,Rennes,,35000,France,GC3000 series,,,,,Requested a quote via website contact form.
Prof.,Sofia,Richter,SRichter Enterprises AG,,sofia.richter@srichterenterprises.com,+657 179880338,+468 142980201,,https://www.srichterenterprises.com,,,Open - Not Contacted,,,10000000,,Dusseldorf,,40213,Germany,GC3000 series,,9470,,,
Ms.,Celine,Bernard,Bernard Global SA,Managing Director,celine.bernard@bernardglobal.com,+60 134670174,,,https://www.bernardglobal.com,Phone Inquiry,,Open - Not Contacted,,,,95 Station Road,,,69001,France,,,,,3,
Dr.,,Johnson,JJohnson Dynamics Corp.,Facilities Manager,contact@jjohnsondynamics.com,+631 347241089,+81 937272705,,https://www.jjohnsondynamics.com,Other,,Open - Not Contacted,,250,,23 Hauptstrasse,Houston,,77001,United States,,,,Yes,,Downloaded product catalog from website.
Prof.,Mathieu,Girard,Girard Solutions SARL,,mathieu.girard@girardsolutions.com,,,,https://www.girardsolutions.com,Web,Agriculture,Open - Not Contacted,,25,,20 Station Road,Marseille,,,France,,,5244,Yes,,Referred by an existing customer.
Mr.,Marie,Lefebvre,Lefebvre Enterprises SARL,,marie.lefebvre@lefebvreenterprises.com,,,,,Web,Hospitality,Open - Not Contacted,,,250000,,,,33000,France,,Competitor Y200,,,2,
Dr.,,Taylor,Taylor Industries Ltd.,Head of Procurement,contact@taylorindustries.com,+789 470655283,+272 222136086,,,,,Open - Not Contacted,Warm,50,,174 Commerce Blvd,Bristol,,,United Kingdom,GC1020 series,,,,1,
,Valerie,Simon,VSimon Global SARL,President,valerie.simon@vsimonglobal.com,+399 694456570,,,,,,Open - Not Contacted,,25,,32 Calle Mayor,Reims,,51100,France,,,,,10,
Mr.,Linda,Lopez,Lopez Energy Corp.,,linda.lopez@lopezenergy.com,+46 683284724,+659 372360629,,,Phone Inquiry,Transportation,Open - Not Contacted,Hot,,,,Philadelphia,,19101,United States,GC5000 series,,,No,,
,Pierre,Bertrand,PBertrand Services SAS,Head of Procurement,,+884 142378692,,,https://www.pbertrandservices.com,Phone Inquiry,,Working - Contacted,,,50000,242 High Street,Grenoble,,38000,France,GC1020 series,,,Yes,,Referred by an existing customer.
Mrs.,Jonas,Braun,JBraun Logistics AG,,jonas.braun@jbraunlogistics.com,,,,,Phone Inquiry,Transportation,Open - Not Contacted,,,,243 Industrial Ave,Leipzig,,,Germany,GC3000 series,,,,,
Mrs.,Valerie,Bertrand,Bertrand Power SARL,,,+443 813823919,+769 137651781,,https://www.bertrandpower.com,Other,,Open - Not Contacted,,,,,Lille,,,France,,None,,Yes,1,
,Camille,Laurent,CLaurent Systems SARL,General Manager,,+635 996785467,+315 792982885,,,Purchased List,Insurance,Open - Not Contacted,Cold,25,,170 Bahnhofstrasse,Rennes,,35000,France,,,,No,,
Dr.,,Bauer,LBauer Services AG,,,+298 410212187,+477 237827473,,,Partner Referral,Environmental,Open - Not Contacted,,,,130 Boulevard Central,Munich,,80331,Germany,,,,,1,Downloaded product catalog from website.
Ms.,Jean,Bertrand,Bertrand Enterprises SA,,jean.bertrand@bertrandenterprises.com,,+629 774689395,,,Phone Inquiry,Healthcare,Open - Not Contacted,Hot,,,,Strasbourg,,67000,France,,,,Yes,,
Mrs.,Jacob,Johnson,Johnson Innovations Ltd.,Procurement Director,jacob.johnson@johnsoninnovations.com,,,,,Purchased List,,Open - Not Contacted,,,,123 Zone Industrielle,Bristol,,BS1 1AA,United Kingdom,GC1000 series,,1328,Yes,1,
Dr.,Marie,Girard,MGirard Partners SARL,Purchasing Manager,marie.girard@mgirardpartners.com,+216 385621910,,,https://www.mgirardpartners.com,Web,,Open - Not Contacted,,500,,41 Via Roma,Lille,,,France,,,,No,2,
,Antoine,Leroy,Leroy Partners SA,,antoine.leroy@leroypartners.com,+595 429973866,,,,Other,Machinery,Open - Not Contacted,Cold,5,,127 Hauptstrasse,Nice,,06000,France,GC3000 series,,9780,Yes,2,
,Nathalie,Vincent,Vincent Innovations SAS,,nathalie.vincent@vincentinnovations.com,,,,https://www.vincentinnovations.com,Phone Inquiry,,Open - Not Contacted,,50,,,Bordeaux,,,France,GC5000 series,,6635,,,
Prof.,Sara,Brouwer,Brouwer Solutions B.V.,Purchasing Manager,sara.brouwer@brouwersolutions.com,+518 862440731,+125 564298766,,https://www.brouwersolutions.com,Other,Telecommunications,Open - Not Contacted,,,,191 Industrial Ave,Rotterdam,,,Netherlands,,,,,,
Mr.,Yanis,Moser,YMoser Power GmbH,General Manager,yanis.moser@ymoserpower.com,+254 725544987,+980 698665957,,,,,Open - Not Contacted,,,,69 Rua Augusta,Geneva,,,Switzerland,GC3000 series,,,No,,"Met at trade show, interested in bulk pricing."
Ms.,Pierre,Roux,Roux Industries SA,,pierre.roux@rouxindustries.com,,,,https://www.rouxindustries.com,,Engineering,Open - Not Contacted,Cold,,,46 Rue de la Paix,Angers,,49000,France,,,,,,
Prof.,Valerie,Martin,VMartin Corp SAS,Procurement Director,,,,,https://www.vmartincorp.com,,Transportation,Open - Not Contacted,,80,,,Paris,,75001,France,,GC500 series,,,,
Dr.,Julien,Garcia,Garcia Dynamics SARL,CFO,julien.garcia@garciadynamics.com,+577 187128131,+995 168025539,,,Partner Referral,Telecommunications,Open - Not Contacted,,,,241 Avenue Foch,Nantes,,44000,France,,Competitor Y200,,Yes,,
Mrs.,Said,Belmahi,SBelmahi Industries SARL,,said.belmahi@sbelmahiindustries.com,+453 273892444,+556 490301630,,,Web,,Open - Not Contacted,,2500,,105 Business Park Way,Casablanca,,20000,Morocco,GC1020 series,,,Yes,,
Prof.,Joao,Almeida,Almeida Logistics S.A.,,joao.almeida@almeidalogistics.com,+715 975914192,+463 531843423,+616 667274946,https://www.almeidalogistics.com,Web,Other,Open - Not Contacted,Cold,,,47 Industrial Ave,Porto,,4000-001,Portugal,,,,,,Referred by an existing customer.
Prof.,George,Davies,GDavies Energy PLC,COO,george.davies@gdaviesenergy.com,+624 161583363,,,,Other,Engineering,Open - Not Contacted,,1000,,,London,,EC1A 1BB,United Kingdom,,,,,,Looking to replace aging equipment fleet.
,Camille,Roux,Roux Energy SA,Purchasing Manager,camille.roux@rouxenergy.com,+507 452088285,,,,Web,,Open - Not Contacted,,,,,,,21000,France,,GC1000 series (old model),,,,Follow up after product demo webinar.
Mr.,Eva,Meijer,EMeijer Systems B.V.,IT Director,eva.meijer@emeijersystems.com,,,,,Web,,Open - Not Contacted,,,,70 Rua Augusta,Eindhoven,,5611,Netherlands,,,,No,10,
Ms.,Adam,Michaux,AMichaux Solutions SA,VP Sales,adam.michaux@amichauxsolutions.com,+944 725087236,,,https://www.amichauxsolutions.com,,Chemicals,Open - Not Contacted,,,,,Brussels,,1000,Belgium,,,,No,,Requested a quote via website contact form.
,Antoine,Lefebvre,Lefebvre Innovations SAS,,antoine.lefebvre@lefebvreinnovations.com,,,,https://www.lefebvreinnovations.com,,Not For Profit,Open - Not Contacted,,500,,139 Rue de la Paix,Paris,,75001,France,GC3000 series,,,No,5,
Ms.,,Moore,Moore Holdings LLC,CFO,contact@mooreholdings.com,,,+857 890092958,,Other,Electronics,Open - Not Contacted,,,5000000,,Chicago,,60601,United States,,,,,,
Prof.,Thomas,Garcia,Garcia Partners SAS,,thomas.garcia@garciapartners.com,+495 139051509,,,,Partner Referral,Other,Open - Not Contacted,,,,,Toulouse,,31000,France,,,,,,
Mr.,Noah,Renard,Renard Energy SA,Buyer,noah.renard@renardenergy.com,,+608 361534222,,,Other,Machinery,Open - Not Contacted,,,,,Liege,,4000,Belgium,,,,Yes,,
,Khalid,Al Falasi,KAl Falasi International FZE,Owner,khalid.alfalasi@kalfalasiinternational.com,,+927 912015146,,,,Other,Open - Not Contacted,Hot,2500,,202 Rue de la Paix,,,,United Arab Emirates,GC5000 series,,,Yes,,
Mr.,Jean,Petit,Petit Holdings SARL,,jean.petit@petitholdings.com,+448 895450709,,,,Other,,Open - Not Contacted,,,,199 Rue Victor Hugo,Nantes,,44000,France,GC1020 series,,,,,
Ms.,Antoine,Michel,AMichel Group SA,Procurement Director,antoine.michel@amichelgroup.com,+380 860814392,,,https://www.amichelgroup.com,,Apparel,Working - Contacted,Warm,12,,77 Industrial Ave,Grenoble,,38000,France,GC1000 series,,,,,
,Cristina,Alvarez,CAlvarez Innovations S.L.,,cristina.alvarez@calvarezinnovations.com,+361 790814633,,,https://www.calvarezinnovations.com,Web,,Open - Not Contacted,,,5000000,,Barcelona,,08001,Spain,GC5000 series,,,,,
Dr.,Michel,Roux,Roux Technologies SARL,Procurement Director,michel.roux@rouxtechnologies.com,+10 224425868,,,https://www.rouxtechnologies.com,,Banking,Open - Not Contacted,,,10000000,,Marseille,,13001,France,,,,Yes,1,Expressed interest during cold call.
Mrs.,Carlos,Pinto,CPinto Consulting S.A.,Operations Manager,carlos.pinto@cpintoconsulting.com,,+524 151594284,+850 354819596,https://www.cpintoconsulting.com,,Machinery,Open - Not Contacted,,,10000000,,Porto,,,Portugal,,,,,,
,Marie,Dubois,MDubois Industries SARL,Plant Manager,marie.dubois@mduboisindustries.com,+694 550122421,+315 355506952,,https://www.mduboisindustries.com,,,Open - Not Contacted,,,2500000,,Reims,,51100,France,GC3000 series,,1307,No,,
,Aurelie,Martin,AMartin Corp SARL,Procurement Director,aurelie.martin@amartincorp.com,+901 169637099,,,https://www.amartincorp.com,,,Open - Not Contacted,Hot,50,,124 Via Roma,Strasbourg,,67000,France,GC1000 series,,,,,
Mrs.,Daniel,Gallagher,Gallagher Power Ltd.,,daniel.gallagher@gallagherpower.com,+362 639607195,,+757 746560856,,Purchased List,Consulting,Open - Not Contacted,,,,53 Avenue Foch,Cork,,T12 X2AH,Ireland,,Other Corp X100,9667,No,,
Mr.,Laura,Rizzo,LRizzo Dynamics S.r.l.,Plant Manager,laura.rizzo@lrizzodynamics.com,+215 751352528,+173 810211873,,,Purchased List,,Working - Contacted,,25,,129 Main Street,Milan,,,Italy,GC1000 series,,,No,,
,Claire,Bernard,Bernard Holdings SA,VP Marketing,claire.bernard@bernardholdings.com,,,,,Phone Inquiry,,Open - Not Contacted,,250,,170 Industrial Ave,Grenoble,,38000,France,,None,,No,,
Mr.,Isabelle,Fournier,Fournier Logistics SA,CEO,,,,+867 593379472,https://www.fournierlogistics.com,Web,,Open - Not Contacted,,500,5000000,,Bordeaux,,,France,GC3000 series,In-house legacy unit,,,,
Mrs.,Mathieu,Roux,Roux Innovations SA,General Manager,mathieu.roux@rouxinnovations.com,+731 614086791,,,https://www.rouxinnovations.com,Partner Referral,Manufacturing,Open - Not Contacted,,,,91 Business Park Way,Nantes,,,France,GC3000 series,,2015,Yes,,
,Jacob,Williams,Williams Global PLC,COO,jacob.williams@williamsglobal.com,+833 212925970,,,,,Manufacturing,Open - Not Contacted,Warm,2500,,98 Hauptstrasse,Bristol,,BS1 1AA,United Kingdom,GC3000 series,,,,,
Mrs.,Michal,Wozniak,Wozniak Holdings Sp. z o.o.,Purchasing Manager,michal.wozniak@wozniakholdings.com,+353 150574135,,,,Phone Inquiry,Technology,Open - Not Contacted,Hot,250,,168 Boulevard Central,Wroclaw,,50-001,Poland,GC1000 series,,,,,
Mrs.,Mathieu,Thomas,MThomas Logistics SAS,,mathieu.thomas@mthomaslogistics.com,+982 855731485,+543 326022893,+945 384908485,,,Agriculture,Open - Not Contacted,Warm,,500000,107 Main Street,Bordeaux,,33000,France,,,,,2,
,Isabelle,Lefebvre,Lefebvre Holdings SARL,Sales Director,isabelle.lefebvre@lefebvreholdings.com,+591 449734257,,,,Phone Inquiry,,Open - Not Contacted,,,,107 Rue de la Paix,Dijon,,21000,France,,,,,,
,Jack,Thompson,JThompson Innovations PLC,,,,+530 417620167,,,Partner Referral,,Working - Contacted,Warm,,,189 Avenue Foch,Bristol,,,United Kingdom,,,,,,
,Valerie,Michel,Michel Partners SAS,Sales Director,valerie.michel@michelpartners.com,+448 243005188,,,,Phone Inquiry,Biotechnology,Working - Contacted,Warm,,,123 Rue de la Paix,Strasbourg,,67000,France,,,,,,Follow up after product demo webinar.
,Benjamin,Taylor,Taylor Systems Ltd.,Purchasing Manager,benjamin.taylor@taylorsystems.com,+303 569001888,+502 687671284,,,Phone Inquiry,Recreation,Open - Not Contacted,,250,,180 Rua Augusta,Vancouver,,V6B 1A1,Canada,,,,Yes,,
Mr.,Laura,Meyer,Meyer Industries AG,,laura.meyer@meyerindustries.com,,,,,Partner Referral,,Open - Not Contacted,,80,,221 Bahnhofstrasse,Bern,,3011,Switzerland,GC5000 series,,,,5,
Mr.,Jack,Roy,JRoy Services Ltd.,Head of Procurement,jack.roy@jroyservices.com,+887 672555645,,,https://www.jroyservices.com,Phone Inquiry,Engineering,Working - Contacted,,120,,,Toronto,,,Canada,,Other Corp X100,5504,,,
Mr.,Aurelie,Petit,APetit Systems SARL,VP Sales,aurelie.petit@apetitsystems.com,+448 979020020,+549 566694280,,https://www.apetitsystems.com,Web,,Open - Not Contacted,Cold,80,,148 Calle Mayor,Rennes,,35000,France,GC5000 series,None,,No,,Attended regional partner event.
Dr.,Ana,Lopez,ALopez International S.A.,,ana.lopez@alopezinternational.com,+827 654196006,,,,,,Open - Not Contacted,Hot,80,,,Valencia,,46001,Spain,,Competitor Y200,,,,
,Laurent,Robert,LRobert Innovations SAS,Buyer,,,,,,Purchased List,Apparel,Open - Not Contacted,,2500,5000000,,Nantes,,,France,,,,,,
Dr.,Celine,Lefebvre,CLefebvre Dynamics SARL,COO,celine.lefebvre@clefebvredynamics.com,+578 168355386,,,https://www.clefebvredynamics.com,Other,Other,Open - Not Contacted,Warm,,2500000,78 Industrial Ave,,,21000,France,GC1020 series,,,Yes,5,
Mrs.,,Leroy,Leroy Industries SAS,Buyer,,+855 885577947,,+285 359515955,,Phone Inquiry,Electronics,Open - Not Contacted,,,,,Marseille,,13001,France,,,,No,1,
Prof.,Laurent,Thomas,Thomas Enterprises SA,COO,,+981 663214873,,,,Web,,Open - Not Contacted,,120,,,Paris,,75001,France,,None,,,,
Prof.,Jonas,Hoffmann,Hoffmann Corp AG,CFO,jonas.hoffmann@hoffmanncorp.com,+378 719082067,,,https://www.hoffmanncorp.com,Web,,Open - Not Contacted,,,500000,187 Rua Augusta,,,10115,Germany,,,,No,,
Mr.,Antoine,Dubois,Dubois International SARL,,antoine.dubois@duboisinternational.com,+155 531827138,,,,,,Open - Not Contacted,,,,73 Station Road,Bordeaux,,33000,France,,,,Yes,,
Dr.,Julien,Durand,Durand Corp SAS,Sales Director,julien.durand@durandcorp.com,,,,,Web,,Open - Not Contacted,Cold,,250000,,Angers,,49000,France,,,,,2,
Ms.,Luca,Lombardi,Lombardi Power S.p.A.,CFO,luca.lombardi@lombardipower.com,+447 997470361,,,,,Insurance,Open - Not Contacted,,,250000,210 Boulevard Central,Rome,,00100,Italy,GC5000 series,,,Yes,,
Mrs.,Alina,Gerber,AGerber International GmbH,IT Director,alina.gerber@agerberinternational.com,,+968 467785785,,,Web,Energy,Open - Not Contacted,Warm,,,,Basel,,4001,Switzerland,GC5000 series,,,Yes,1,
Mr.,Jean,Laurent,JLaurent Industries SARL,Buyer,jean.laurent@jlaurentindustries.com,,+268 620017969,,https://www.jlaurentindustries.com,Web,,Open - Not Contacted,,,,190 Commerce Blvd,Rennes,,,France,,,,No,,Expressed interest during cold call.
Mr.,,Ruiz,MRuiz Solutions S.L.,Facilities Manager,,+63 714978636,,,,Other,,Open - Not Contacted,,,,,Valencia,,46001,Spain,,,,No,,Attended regional partner event.
Mrs.,Karim,Doukkali,KDoukkali International SA,Procurement Director,karim.doukkali@kdoukkaliinternational.com,,+149 554791430,,,Partner Referral,Retail,Closed - Converted,,,,207 High Street,,,,Morocco,GC5000 series,,,No,10,
Dr.,Antonio,Sanchez,ASanchez Consulting S.L.,Operations Manager,antonio.sanchez@asanchezconsulting.com,,,,https://www.asanchezconsulting.com,Purchased List,Consulting,Open - Not Contacted,,,,221 Via Roma,Seville,,41001,Spain,,,1129,No,,
Mr.,Laurent,Lefebvre,LLefebvre Global SA,,laurent.lefebvre@llefebvreglobal.com,+557 265798756,,,https://www.llefebvreglobal.com,Phone Inquiry,,Open - Not Contacted,,,,,Grenoble,,38000,France,GC1000 series,None,5219,No,,Inbound inquiry about maintenance contracts.
Mrs.,Marie,Fournier,Fournier Power SAS,,marie.fournier@fournierpower.com,,+728 269473277,,,,,Open - Not Contacted,,,,,Marseille,,,France,,GC500 series,,,,
Mr.,Manuel,Ribeiro,Ribeiro Dynamics S.A.,Owner,manuel.ribeiro@ribeirodynamics.com,+682 588594257,,,,Phone Inquiry,,Open - Not Contacted,Warm,,250000,,Porto,,,Portugal,GC5000 series,,,,,
,Mathieu,Moreau,Moreau Innovations SAS,,mathieu.moreau@moreauinnovations.com,+985 911316102,+371 651744156,,,Phone Inquiry,,Open - Not Contacted,,25,,143 Hauptstrasse,Montpellier,,34000,France,GC1020 series,GC800 series,3130,Yes,,
Mr.,Marie,Robert,Robert Innovations SAS,Sales Director,marie.robert@robertinnovations.com,,,,,,Food & Beverage,Open - Not Contacted,Warm,,,159 Church Road,Strasbourg,,67000,France,,GC800 series,7388,Yes,,
Mrs.,Valerie,Michel,Michel Services SA,,valerie.michel@michelservices.com,,,,,Web,Consulting,Open - Not Contacted,,2500,,73 Rua Augusta,Reims,,51100,France,GC1000 series,,8650,,,
Prof.,Camille,Durand,Durand Global SAS,CTO,camille.durand@durandglobal.com,,,,,,,Open - Not Contacted,,,,,Lille,,59000,France,,Other Corp X100,,Yes,20,
,Kenji,Kobayashi,Kobayashi Corp K.K.,Sales Director,kenji.kobayashi@kobayashicorp.com,,,,,Partner Referral,,Open - Not Contacted,Cold,,,,,,100-0001,Japan,GC5000 series,GC500 series,,No,20,
,Isabelle,David,IDavid Consulting SARL,Purchasing Manager,isabelle.david@idavidconsulting.com,,,,,Phone Inquiry,Shipping,Open - Not Contacted,Warm,,120000,,Dijon,,21000,France,GC5000 series,,4642,,10,
Dr.,Celine,Thomas,Thomas Dynamics SAS,Buyer,celine.thomas@thomasdynamics.com,,+894 675915047,,https://www.thomasdynamics.com,Web,,Open - Not Contacted,Warm,50,,49 High Street,Strasbourg,,67000,France,,,,,,
Mrs.,Pierre,Girard,Girard Enterprises SAS,Plant Manager,pierre.girard@girardenterprises.com,+474 828971196,+67 823656066,+209 177114266,,Partner Referral,,Open - Not Contacted,,,50000,82 Commerce Blvd,,,31000,France,,,,No,,
Prof.,Maria,Colombo,Colombo Partners S.r.l.,,maria.colombo@colombopartners.com,+843 664198613,,,,Other,,Open - Not Contacted,,50,,,Bologna,,40121,Italy,,,4077,No,20,
,Marie,Moreau,Moreau Corp SA,Supply Chain Manager,marie.moreau@moreaucorp.com,+162 834183667,,,,Purchased List,Biotechnology,Open - Not Contacted,,,,,Marseille,,13001,France,,,,No,,"Existing customer, expansion opportunity."
Mr.,Javier,Ruiz,JRuiz Logistics S.A.,Plant Manager,javier.ruiz@jruizlogistics.com,+869 468936139,,,https://www.jruizlogistics.com,,Hospitality,Open - Not Contacted,Warm,,,,Valencia,,,Spain,,,,No,,
Prof.,Marie,Leroy,Leroy Technologies SA,,marie.leroy@leroytechnologies.com,,,,,Phone Inquiry,,Working - Contacted,Hot,,50000,,Bordeaux,,33000,France,GC3000 series,,,,,Requested a quote via website contact form.
Mrs.,Cristina,Rodriguez,Rodriguez Industries S.L.,COO,cristina.rodriguez@rodriguezindustries.com,,,,https://www.rodriguezindustries.com,Partner Referral,,Open - Not Contacted,,,,,Malaga,,29001,Spain,,,,,,
Prof.,Sophie,Roux,Roux Solutions SAS,,sophie.roux@rouxsolutions.com,+499 883674105,+94 130772573,,,Purchased List,,Open - Not Contacted,,,120000,94 Rua Augusta,,,67000,France,,,8700,,,
Dr.,,Fournier,Fournier Industries SA,IT Director,contact@fournierindustries.com,+719 276506548,+898 323121267,,https://www.fournierindustries.com,,Education,Open - Not Contacted,,,120000,34 Boulevard Central,Nice,,06000,France,GC1020 series,,4491,,,
,Nina,Suter,Suter Technologies GmbH,,,,,,,,,Working - Contacted,,,,2 Zone Industrielle,Zurich,,8001,Switzerland,GC3000 series,,,,,Looking to replace aging equipment fleet.
Mr.,Jan,Zielinski,Zielinski Logistics Sp. z o.o.,Purchasing Manager,jan.zielinski@zielinskilogistics.com,,+96 755025369,,https://www.zielinskilogistics.com,Web,,Open - Not Contacted,,,10000000,102 Zone Industrielle,Krakow,,30-001,Poland,GC1000 series,,,,1,
Prof.,Anna,Steiner,Steiner Industries GmbH,,anna.steiner@steinerindustries.com,,,,,Web,Utilities,Working - Contacted,Hot,,250000,222 Rua Augusta,,,,Switzerland,GC1020 series,,,No,,
Ms.,Lucas,Lambert,Lambert Group SPRL,,lucas.lambert@lambertgroup.com,,+54 279180538,,,,,Open - Not Contacted,Hot,500,,,Bruges,,8000,Belgium,,,,,,
,Lucia,Garcia,LGarcia Corp S.L.,General Manager,lucia.garcia@lgarciacorp.com,,,,https://www.lgarciacorp.com,,Entertainment,Closed - Not Converted,,250,,109 High Street,Madrid,,28001,Spain,GC1020 series,,,No,,
,Kavita,Rao,KRao Logistics Ltd.,VP Sales,kavita.rao@kraologistics.com,+867 932509513,,,,Phone Inquiry,,Open - Not Contacted,,,250000,,Delhi,,,India,,,,Yes,,
,Camille,Dubois,Dubois Group SA,General Manager,camille.dubois@duboisgroup.com,,,,,Phone Inquiry,Food & Beverage,Open - Not Contacted,,,120000,106 Station Road,Marseille,,13001,France,GC1020 series,None,,Yes,,"Existing customer, expansion opportunity."
Mrs.,Aurelie,Michel,Michel Consulting SAS,Managing Director,aurelie.michel@michelconsulting.com,,,,,Partner Referral,,Working - Contacted,,,120000,,Montpellier,,,France,GC5000 series,,,,,Expressed interest during cold call.
Mr.,Gabriel,Maes,Maes Corp SPRL,IT Director,gabriel.maes@maescorp.com,+818 446728250,+387 460819173,,,Other,,Open - Not Contacted,,,2500000,,Bruges,,8000,Belgium,,GC1000 series (old model),,No,,"Met at trade show, interested in bulk pricing."
Mrs.,,Simon,NSimon Enterprises SARL,Buyer,contact@nsimonenterprises.com,,,,https://www.nsimonenterprises.com,,Agriculture,Open - Not Contacted,Warm,,2500000,,Montpellier,,34000,France,GC1000 series,,,No,20,
,Camille,David,David Partners SA,IT Director,,,,,,,Consulting,Open - Not Contacted,,,,,Toulouse,,31000,France,,,,,1,
,Lucas,Peters,LPeters Power N.V.,,lucas.peters@lpeterspower.com,+718 850979918,,,https://www.lpeterspower.com,Phone Inquiry,Transportation,Open - Not Contacted,,,,68 Rue Victor Hugo,Amsterdam,,,Netherlands,GC3000 series,,,Yes,,"Met at trade show, interested in bulk pricing."
Mr.,Charlotte,Thompson,Thompson Energy PLC,,charlotte.thompson@thompsonenergy.com,,,+365 381988124,,Phone Inquiry,Media,Open - Not Contacted,,250,,11 Calle Mayor,Birmingham,,B1 1AA,United Kingdom,,,,No,,Inbound inquiry about maintenance contracts.
Mrs.,Marie,Petit,MPetit Solutions SAS,Managing Director,marie.petit@mpetitsolutions.com,+600 838429808,,,,,Healthcare,Working - Contacted,,,,,Nice,,06000,France,,,,Yes,1,
Mr.,Julien,Durand,JDurand Group SAS,,,,,,https://www.jdurandgroup.com,,Telecommunications,Working - Contacted,,,,232 Market Street,Dijon,,21000,France,,,,,1,
,Lucia,Gutierrez,Gutierrez Technologies S.A.,Supply Chain Manager,,,,,https://www.gutierreztechnologies.com,Other,Chemicals,Open - Not Contacted,,,,,Seville,,41001,Spain,GC5000 series,,,Yes,,
Mrs.,Marie,Vincent,MVincent Power SAS,,marie.vincent@mvincentpower.com,,,,,Partner Referral,,Open - Not Contacted,,,,144 Business Park Way,Strasbourg,,67000,France,,,9236,Yes,,Requested a quote via website contact form.
,Laurent,Petit,Petit Logistics SAS,,laurent.petit@petitlogistics.com,,,,,,,Open - Not Contacted,,,2500000,95 Rue Victor Hugo,Montpellier,,34000,France,GC5000 series,,,No,,
,,Schmid,Schmid Dynamics GmbH,Procurement Director,contact@schmiddynamics.com,,,,,Other,,Open - Not Contacted,,,50000,92 Calle Mayor,Bern,,3011,Switzerland,GC1000 series,,,Yes,,
Prof.,Michel,Robert,MRobert Energy SAS,,michel.robert@mrobertenergy.com,+593 139601323,+777 823417244,,,,,Open - Not Contacted,Warm,,,,Angers,,49000,France,,,,,,
,Michel,Petit,MPetit Partners SAS,,michel.petit@mpetitpartners.com,+305 920770967,,,,Web,,Open - Not Contacted,,,,105 Calle Mayor,Angers,,49000,France,GC1000 series,,,No,,"Met at trade show, interested in bulk pricing."
Mrs.,Sophie,Leroy,Leroy Global SAS,,sophie.leroy@leroyglobal.com,,+592 947823677,,,Purchased List,,Open - Not Contacted,,500,1000000,210 Market Street,Bordeaux,,,France,,,,,,
Dr.,Alexandre,Thomas,AThomas Global SA,Operations Manager,alexandre.thomas@athomasglobal.com,+439 842232757,,,https://www.athomasglobal.com,Purchased List,Biotechnology,Open - Not Contacted,Cold,,,,Lyon,,69001,France,GC5000 series,,4105,No,,
Mrs.,Aurelie,Martin,AMartin Solutions SA,Facilities Manager,aurelie.martin@amartinsolutions.com,,+247 211400593,,,Other,,Open - Not Contacted,Warm,50,,,Paris,,75001,France,,Competitor Y200,,No,1,
,Sophie,Garcia,Garcia Power SAS,VP Sales,sophie.garcia@garciapower.com,+918 172456068,+429 692314272,,https://www.garciapower.com,Phone Inquiry,Banking,Open - Not Contacted,,,,55 Via Roma,,,31000,France,,,,No,,Looking to replace aging equipment fleet.
,Sophia,Wright,SWright Technologies PLC,Managing Director,,,,,https://www.swrighttechnologies.com,,Retail,Open - Not Contacted,,1000,,,Edinburgh,,EH1 1AA,United Kingdom,,,,No,,
Ms.,Nathalie,Thomas,Thomas Global SA,,nathalie.thomas@thomasglobal.com,+803 726149695,,,,Other,,Working - Contacted,,5,,241 Rue Victor Hugo,Paris,,75001,France,GC1020 series,,,,,
Mr.,Laurent,Fournier,Fournier Technologies SARL,CTO,laurent.fournier@fourniertechnologies.com,,,,https://www.fourniertechnologies.com,,,Open - Not Contacted,,,,127 Church Road,Paris,,75001,France,,,,No,1,"Existing customer, expansion opportunity."
Ms.,Laura,Gerber,LGerber Technologies AG,Facilities Manager,,+201 573097822,+834 376669489,,https://www.lgerbertechnologies.com,,,Working - Contacted,,12,,46 Avenue Foch,Lausanne,,1003,Switzerland,GC5000 series,,,,3,
,Isabelle,Durand,Durand International SAS,,isabelle.durand@durandinternational.com,+223 678405004,,,https://www.durandinternational.com,Other,Agriculture,Open - Not Contacted,,250,1000000,,Bordeaux,,33000,France,GC1020 series,,,No,,Expressed interest during cold call.
,Aurelie,Roux,Roux Services SA,General Manager,,+624 459388927,,,,Partner Referral,,Open - Not Contacted,Cold,,,127 Business Park Way,Bordeaux,,,France,GC5000 series,,,,3,
,Mathieu,Lefebvre,Lefebvre Dynamics SAS,,mathieu.lefebvre@lefebvredynamics.com,+348 587291103,+582 674162953,,https://www.lefebvredynamics.com,,,Open - Not Contacted,,80,,94 Rue Victor Hugo,Lille,,59000,France,,,,,3,
Dr.,,El Fassi,KEl Fassi Logistics SA,,contact@kelfassilogistics.com,,+572 997011596,,https://www.kelfassilogistics.com,Phone Inquiry,,Open - Not Contacted,,,,79 Main Street,,,10000,Morocco,GC1020 series,,,No,,
Ms.,Camille,Roux,Roux Technologies SAS,,camille.roux@rouxtechnologies.com,+892 586268059,,,https://www.rouxtechnologies.com,Partner Referral,,Open - Not Contacted,,1000,,121 Bahnhofstrasse,Nice,,06000,France,GC1020 series,,,No,3,
Prof.,,Jones,Jones Holdings Ltd.,COO,contact@jonesholdings.com,+603 899461018,,,https://www.jonesholdings.com,,Food & Beverage,Open - Not Contacted,,,,,Brisbane,,,Australia,GC5000 series,Competitor Y200,,No,,
Mrs.,Emilia,Schroder,Schroder Power GmbH,,emilia.schroder@schroderpower.com,+106 724358786,+666 250549608,,https://www.schroderpower.com,Other,Energy,Open - Not Contacted,,2500,,,Dusseldorf,,40213,Germany,GC1000 series,,,,20,
Ms.,Isabelle,Leroy,Leroy Dynamics SAS,General Manager,isabelle.leroy@leroydynamics.com,+688 113690590,+82 539984459,,,Phone Inquiry,,Open - Not Contacted,,,5000000,,Nantes,,44000,France,,,,No,5,
Mrs.,Nadia,Cherkaoui,NCherkaoui International SARL,,nadia.cherkaoui@ncherkaouiinternational.com,+510 451079324,,,,Web,,Open - Not Contacted,Warm,25,,196 Business Park Way,Casablanca,,20000,Morocco,GC3000 series,,2086,No,,
Mr.,Nathalie,Michel,Michel Energy SARL,,nathalie.michel@michelenergy.com,,+389 287523534,,https://www.michelenergy.com,Web,Biotechnology,Open - Not Contacted,,120,50000,,Strasbourg,,67000,France,GC1020 series,,,No,20,
Dr.,Claire,Robert,Robert Enterprises SAS,President,claire.robert@robertenterprises.com,+195 590096323,,,,,,Open - Not Contacted,,,,95 Bahnhofstrasse,Paris,,75001,France,GC3000 series,GC500 series,,,,Requested a quote via website contact form.
Dr.,Laurent,Bernard,Bernard Enterprises SA,Buyer,laurent.bernard@bernardenterprises.com,+714 316734269,,,,Phone Inquiry,Environmental,Open - Not Contacted,,120,,,,,33000,France,GC1000 series,,,,,
,Julien,Lefebvre,JLefebvre Solutions SA,,julien.lefebvre@jlefebvresolutions.com,,+127 292202870,,https://www.jlefebvresolutions.com,Other,Food & Beverage,Open - Not Contacted,,,,,Nantes,,44000,France,,,,No,,
,Nicolas,Durand,Durand Global SA,,nicolas.durand@durandglobal.com,+616 733608983,,,https://www.durandglobal.com,Phone Inquiry,Education,Open - Not Contacted,,25,,,Angers,,49000,France,GC1000 series,,,,1,
Ms.,Alexandre,Roux,ARoux Logistics SA,,alexandre.roux@arouxlogistics.com,+88 653081518,,,,Other,Apparel,Open - Not Contacted,,120,,,Lyon,,69001,France,GC3000 series,,,No,1,
Ms.,Valerie,Laurent,Laurent Technologies SAS,COO,valerie.laurent@laurenttechnologies.com,,+430 287255554,,https://www.laurenttechnologies.com,Partner Referral,,Working - Contacted,,,500000,54 Via Roma,Lille,,59000,France,GC3000 series,,,,,
,Maria,Ricci,MRicci Group S.p.A.,COO,maria.ricci@mriccigroup.com,,,,https://www.mriccigroup.com,,,Open - Not Contacted,,,,124 Calle Mayor,Naples,,80100,Italy,,,,Yes,,Follow up after product demo webinar.
,,Vincent,Vincent Enterprises SA,Head of Procurement,contact@vincententerprises.com,+20 382630931,,,,Phone Inquiry,,Open - Not Contacted,,,,,Strasbourg,,67000,France,GC1000 series,,,,,
Prof.,Laurent,Petit,Petit Services SA,,,,,,,,Hospitality,Open - Not Contacted,,,,144 Boulevard Central,,,75001,France,GC5000 series,,2417,,,
Mr.,Julien,Vincent,Vincent Solutions SARL,Managing Director,julien.vincent@vincentsolutions.com,,+22 331368924,,,Purchased List,Not For Profit,Open - Not Contacted,Warm,,,,Reims,,,France,GC1020 series,None,,,,
Ms.,Sandrine,David,SDavid Technologies SAS,Purchasing Manager,sandrine.david@sdavidtechnologies.com,+369 423787241,,,https://www.sdavidtechnologies.com,Web,Hospitality,Working - Contacted,,80,120000,,Paris,,,France,GC1020 series,,,No,,Inbound inquiry about maintenance contracts.
Prof.,Claire,Moreau,Moreau Enterprises SAS,Sales Director,claire.moreau@moreauenterprises.com,+863 446920106,,,,Phone Inquiry,Not For Profit,Open - Not Contacted,,5,,,Nice,,06000,France,GC5000 series,,,,5,"Met at trade show, interested in bulk pricing."
Mr.,,Girard,NGirard Partners SAS,,contact@ngirardpartners.com,,,,https://www.ngirardpartners.com,Purchased List,,Open - Not Contacted,,80,,,Dijon,,21000,France,GC1000 series,,,Yes,,
Dr.,Thomas,Roux,Roux Corp SA,,,+384 815486848,,,,,Finance,Open - Not Contacted,,500,120000,,Paris,,,France,GC1020 series,In-house legacy unit,,Yes,,Follow up after product demo webinar.
Ms.,Antoine,Laurent,ALaurent Systems SA,Sales Director,antoine.laurent@alaurentsystems.com,,+843 866016616,,,,Finance,Open - Not Contacted,,120,,20 Market Street,Grenoble,,38000,France,,,,Yes,20,
,Pierre,Leroy,PLeroy Power SAS,COO,pierre.leroy@pleroypower.com,+442 196331544,+84 299553480,,,,,Open - Not Contacted,,,50000,150 Rua Augusta,Marseille,,13001,France,,GC1000 series (old model),,No,,
,George,Wilson,Wilson Enterprises Ltd.,Buyer,george.wilson@wilsonenterprises.com,,,,,Other,,Open - Not Contacted,,,,45 Calle Mayor,Edinburgh,,EH1 1AA,United Kingdom,,None,4300,,,
Mrs.,Camille,Martin,Martin International SA,,camille.martin@martininternational.com,+205 935447599,,,https://www.martininternational.com,Web,Chemicals,Open - Not Contacted,Cold,,,216 Business Park Way,Angers,,,France,,,,Yes,,
Mr.,Camille,Robert,CRobert Holdings SA,Sales Director,camille.robert@crobertholdings.com,+62 276428759,+342 113489239,,https://www.crobertholdings.com,Phone Inquiry,,Open - Not Contacted,,12,5000000,131 Calle Mayor,,,35000,France,GC5000 series,GC1000 series (old model),,No,,
Ms.,Thomas,Walker,Walker Partners PLC,Supply Chain Manager,thomas.walker@walkerpartners.com,+435 466249702,,,,Phone Inquiry,,Open - Not Contacted,,,,,Leeds,,LS1 1BA,United Kingdom,,,,No,,
Dr.,Anna,Jacobs,AJacobs Partners SA,Procurement Director,anna.jacobs@ajacobspartners.com,,,,https://www.ajacobspartners.com,,Electronics,Open - Not Contacted,Hot,,,126 Market Street,Antwerp,,2000,Belgium,GC5000 series,,,Yes,2,
Mrs.,,Thomas,CThomas Global SARL,Supply Chain Manager,contact@cthomasglobal.com,+205 859798459,,,https://www.cthomasglobal.com,,,Open - Not Contacted,,2500,,221 Via Roma,Strasbourg,,,France,GC3000 series,,,Yes,3,
,Aurelie,Garcia,AGarcia Consulting SAS,General Manager,aurelie.garcia@agarciaconsulting.com,,,,,,,Open - Not Contacted,,250,,40 Rue de la Paix,Lille,,,France,GC1020 series,Competitor Y200,,Yes,,
,Aurelie,Laurent,Laurent Services SARL,Supply Chain Manager,aurelie.laurent@laurentservices.com,+134 732492069,+61 957535503,,https://www.laurentservices.com,Partner Referral,,Open - Not Contacted,Cold,,,46 Bahnhofstrasse,,,,France,,GC800 series,,Yes,,
Prof.,Nathalie,Thomas,Thomas Solutions SA,Sales Director,nathalie.thomas@thomassolutions.com,+802 618620974,,,https://www.thomassolutions.com,Purchased List,Communications,Working - Contacted,Cold,,,152 Boulevard Central,Marseille,,13001,France,GC3000 series,,,No,1,
Mr.,Sophie,Bernard,SBernard Holdings SAS,Owner,sophie.bernard@sbernardholdings.com,+194 872196238,+708 733182157,,,Other,Consulting,Open - Not Contacted,,,,,Nice,,06000,France,GC1000 series,,,No,,Downloaded product catalog from website.
,Sophia,Robinson,Robinson Industries Ltd.,,,+934 886362294,,,https://www.robinsonindustries.com,Web,,Working - Contacted,,500,5000000,67 Park Lane,Edinburgh,,,United Kingdom,,,,No,,
,,Yamada,"HYamada Industries Co., Ltd.",President,contact@hyamadaindustries.com,,,,,Partner Referral,Recreation,Open - Not Contacted,,,500000,,Tokyo,,100-0001,Japan,,,,,,
Dr.,,Simon,MSimon Innovations SARL,Facilities Manager,contact@msimoninnovations.com,+820 711906662,,,https://www.msimoninnovations.com,Web,,Open - Not Contacted,,,,,,,69001,France,GC5000 series,,,No,1,
Dr.,Joseph,Thomas,Thomas Solutions Inc.,,joseph.thomas@thomassolutions.com,+485 981259135,+764 954398056,,,Phone Inquiry,Entertainment,Open - Not Contacted,Cold,,,124 Innovation Drive,Houston,,77001,United States,GC1000 series,,,No,1,"Met at trade show, interested in bulk pricing."
Prof.,Javier,Gomez,Gomez Group S.L.,General Manager,javier.gomez@gomezgroup.com,+185 729588118,+269 492903638,,https://www.gomezgroup.com,Purchased List,Utilities,Open - Not Contacted,,,,,Barcelona,,,Spain,GC1000 series,,4847,No,,
,Fatiha,Boumediene,Boumediene Corp SARL,Facilities Manager,fatiha.boumediene@boumedienecorp.com,,,,https://www.boumedienecorp.com,,Hospitality,Open - Not Contacted,,,,,Algiers,,16000,Algeria,,GC500 series,,,5,
Ms.,Laurent,Martin,LMartin Group SAS,,laurent.martin@lmartingroup.com,+122 688153931,,,,Phone Inquiry,,Open - Not Contacted,Warm,,,,Toulouse,,,France,GC3000 series,,,,,Referred by an existing customer.
,Camille,Robert,Robert Logistics SAS,,camille.robert@robertlogistics.com,+26 676413366,,,,,Not For Profit,Open - Not Contacted,,,,232 Calle Mayor,Grenoble,,38000,France,GC3000 series,,,No,,
Ms.,Naima,Bouzid,Bouzid Systems SARL,Facilities Manager,naima.bouzid@bouzidsystems.com,+203 176749487,,,,Phone Inquiry,Other,Open - Not Contacted,,,,247 Main Street,Constantine,,25000,Algeria,GC3000 series,Competitor Y200,,,,Looking to replace aging equipment fleet.
,Chiara,Esposito,Esposito Power S.r.l.,Plant Manager,,+227 147733231,,,https://www.espositopower.com,,,Working - Contacted,Warm,,10000000,,Florence,,50121,Italy,,,,,,
,Claire,Leroy,Leroy Energy SA,IT Director,claire.leroy@leroyenergy.com,,+232 715026701,,https://www.leroyenergy.com,Purchased List,Retail,Open - Not Contacted,,,,,Reims,,51100,France,,,,,1,"Met at trade show, interested in bulk pricing."
Ms.,Sara,Esposito,SEsposito Consulting S.r.l.,COO,sara.esposito@sespositoconsulting.com,,,,https://www.sespositoconsulting.com,Web,Food & Beverage,Open - Not Contacted,Cold,,50000,,Milan,,20121,Italy,GC3000 series,,,,,
Prof.,Freya,Thomas,FThomas Technologies PLC,COO,freya.thomas@fthomastechnologies.com,+595 854406060,,,https://www.fthomastechnologies.com,Web,,Open - Not Contacted,,80,,,Birmingham,,B1 1AA,United Kingdom,GC1000 series,,,,,Downloaded product catalog from website.
Mrs.,Karim,Aissani,Aissani Logistics SARL,President,karim.aissani@aissanilogistics.com,,+122 992985330,,,Partner Referral,,Open - Not Contacted,,,10000000,,Algiers,,16000,Algeria,GC5000 series,,,,,
,Sophie,Petit,SPetit Services SARL,,sophie.petit@spetitservices.com,+929 117435827,+712 361637158,,,Purchased List,,Working - Contacted,,,,,Lyon,,69001,France,GC1020 series,,,Yes,,
Prof.,,Cherkaoui,Cherkaoui Industries SA,,contact@cherkaouiindustries.com,,,,,Web,,Open - Not Contacted,,120,,99 Main Street,Tangier,,,Morocco,,,,,,"Met at trade show, interested in bulk pricing."
Dr.,Julien,Leroy,JLeroy Technologies SAS,VP Sales,julien.leroy@jleroytechnologies.com,,,,,Other,Technology,Working - Contacted,,,10000000,,Bordeaux,,33000,France,GC3000 series,,4950,,,
Ms.,Lilly,Pettersson,Pettersson Enterprises AB,CTO,lilly.pettersson@petterssonenterprises.com,+701 847014526,+242 175171676,,https://www.petterssonenterprises.com,Partner Referral,,Open - Not Contacted,,12,5000000,15 Rua Augusta,Stockholm,,111 21,Sweden,GC1020 series,,,No,,Downloaded product catalog from website.
Prof.,Alice,Maes,AMaes International SA,VP Sales,alice.maes@amaesinternational.com,,+996 463350718,,,Web,Recreation,Open - Not Contacted,,,,147 Church Road,Antwerp,,2000,Belgium,,,,,,
Mrs.,Antoine,Durand,Durand Group SA,,antoine.durand@durandgroup.com,+662 735120806,+913 465783051,,,Purchased List,,Open - Not Contacted,,25,,62 Innovation Drive,Grenoble,,,France,GC5000 series,In-house legacy unit,,Yes,2,
,Giuseppe,Lombardi,GLombardi Dynamics S.r.l.,COO,giuseppe.lombardi@glombardidynamics.com,,,+584 935420283,,Web,Engineering,Open - Not Contacted,Hot,2500,,,Bologna,,40121,Italy,,None,,No,,Requested a quote via website contact form.
Mrs.,Marie,Muller,MMuller Group GmbH,,,+574 624723458,,,https://www.mmullergroup.com,,Machinery,Working - Contacted,,,,49 Boulevard Central,Hamburg,,,Germany,,GC1000 series (old model),,Yes,,"Existing customer, expansion opportunity."
Mrs.,Aya,Inoue,AInoue Group K.K.,,aya.inoue@ainouegroup.com,+675 334219451,+358 631369764,,https://www.ainouegroup.com,,Manufacturing,Open - Not Contacted,,,,,Osaka,,530-0001,Japan,,Competitor Y200,,,,
Ms.,Marie,Leroy,MLeroy Logistics SAS,Facilities Manager,marie.leroy@mleroylogistics.com,,,,,Web,Consulting,Open - Not Contacted,,80,2500000,,,,69001,France,,,,,,
,Ana,Gutierrez,Gutierrez Dynamics S.L.,VP Sales,,+760 193906615,+100 756324312,,https://www.gutierrezdynamics.com,Phone Inquiry,Insurance,Open - Not Contacted,Cold,80,250000,10 Via Roma,Madrid,,28001,Spain,,,8695,,,
Dr.,Juliette,Leclercq,Leclercq Enterprises SPRL,CTO,juliette.leclercq@leclercqenterprises.com,+798 613764654,+167 924289429,+612 151489399,https://www.leclercqenterprises.com,Web,Communications,Open - Not Contacted,,,,24 Commerce Blvd,Brussels,,1000,Belgium,GC1020 series,,,No,,
Prof.,Claire,Dubois,CDubois Solutions SARL,,claire.dubois@cduboissolutions.com,+4 289130379,+586 184591120,+479 116575212,,,Retail,Open - Not Contacted,Hot,1000,,127 Avenue Foch,Dijon,,21000,France,GC1020 series,,,No,,
Ms.,Finn,Schroder,Schroder Dynamics AG,CFO,finn.schroder@schroderdynamics.com,,,+495 930679969,https://www.schroderdynamics.com,,,Open - Not Contacted,,12,,10 Via Roma,Hamburg,,,Germany,GC3000 series,,,,20,
Mrs.,Camille,Bernard,CBernard Enterprises SAS,Managing Director,camille.bernard@cbernardenterprises.com,+867 926072589,,,https://www.cbernardenterprises.com,,,Open - Not Contacted,,500,,,Nantes,,,France,,In-house legacy unit,,,10,
Dr.,Celine,Robert,Robert Power SAS,COO,celine.robert@robertpower.com,,+482 995626608,,https://www.robertpower.com,Phone Inquiry,,Open - Not Contacted,,,,29 Rua Augusta,Bordeaux,,33000,France,GC1020 series,,,,,
Dr.,Isabelle,Garcia,IGarcia Group SA,VP Sales,isabelle.garcia@igarciagroup.com,+112 325370116,,,,Partner Referral,,Open - Not Contacted,,,5000000,,Dijon,,21000,France,GC1000 series,,,,,
,Thomas,Michel,TMichel Consulting SARL,,thomas.michel@tmichelconsulting.com,+54 989884868,,+455 925295191,,,Banking,Open - Not Contacted,,,1000000,226 Business Park Way,Lyon,,69001,France,GC5000 series,Other Corp X100,,,,
,William,Johnson,WJohnson Innovations Inc.,VP Marketing,william.johnson@wjohnsoninnovations.com,,,,,Partner Referral,Manufacturing,Open - Not Contacted,,,,143 Bahnhofstrasse,Los Angeles,,90001,United States,,,,,5,
,Marie,Bernard,Bernard Solutions SA,COO,marie.bernard@bernardsolutions.com,,+651 842388547,,,Phone Inquiry,Construction,Open - Not Contacted,,500,,,Marseille,,13001,France,GC1020 series,,,Yes,,
Mrs.,Grace,Taylor,GTaylor Energy PLC,General Manager,grace.taylor@gtaylorenergy.com,+540 313834774,+366 673908407,,,,Education,Open - Not Contacted,,,,164 Boulevard Central,Bristol,,BS1 1AA,United Kingdom,,,,No,1,
Mrs.,Sophie,Lefebvre,Lefebvre Holdings SA,Purchasing Manager,sophie.lefebvre@lefebvreholdings.com,+73 287035437,,,,,,Open - Not Contacted,Cold,,50000,,Lyon,,69001,France,GC1020 series,,,,2,
Ms.,Matteo,Russo,Russo Logistics S.p.A.,Buyer,matteo.russo@russologistics.com,,+707 719991216,,https://www.russologistics.com,Web,,Open - Not Contacted,Warm,,,,Florence,,50121,Italy,GC3000 series,,,Yes,,
,Marie,Durand,MDurand Group SA,Supply Chain Manager,marie.durand@mdurandgroup.com,+406 426638686,,,https://www.mdurandgroup.com,Other,Insurance,Open - Not Contacted,Hot,80,,,Lyon,,69001,France,GC1020 series,In-house legacy unit,,No,,
Mrs.,Nicolas,Leroy,NLeroy Services SARL,Plant Manager,nicolas.leroy@nleroyservices.com,+849 110446180,,,,,,Open - Not Contacted,,,250000,,Reims,,51100,France,GC5000 series,,,,,
Mr.,David,Gomez,DGomez Innovations S.L.,VP Marketing,david.gomez@dgomezinnovations.com,+855 412782955,,,,Web,,Open - Not Contacted,Hot,2500,,246 Station Road,Valencia,,46001,Spain,GC1020 series,,,,,Follow up after product demo webinar.
Ms.,Sophie,Michel,SMichel Power SARL,Sales Director,sophie.michel@smichelpower.com,,,,https://www.smichelpower.com,Other,Engineering,Working - Contacted,,50,,,Montpellier,,,France,GC1020 series,,,,1,
Dr.,Nicolas,Martin,Martin Corp SA,Buyer,,+638 441264519,,,,Phone Inquiry,,Open - Not Contacted,,12,,229 Market Street,Lille,,59000,France,,,,,1,
Mr.,Celine,Bertrand,Bertrand Corp SA,Supply Chain Manager,celine.bertrand@bertrandcorp.com,+619 276247278,,,,Web,,Open - Not Contacted,,,,,Angers,,49000,France,,In-house legacy unit,,Yes,,
Mrs.,,Al Dhaheri,RAl Dhaheri Industries FZE,CFO,contact@raldhaheriindustries.com,+26 528238410,+995 534015248,+943 760337643,,Other,,Open - Not Contacted,,250,,,,,,United Arab Emirates,GC3000 series,,,Yes,,
Mr.,Antoine,Lefebvre,Lefebvre Logistics SA,Owner,antoine.lefebvre@lefebvrelogistics.com,+345 746770884,+822 523831157,,https://www.lefebvrelogistics.com,Other,,Open - Not Contacted,,25,,,Nantes,,44000,France,,,,Yes,2,
Dr.,,Williams,CWilliams Industries PLC,Managing Director,contact@cwilliamsindustries.com,+177 564086249,+624 715205303,,,Web,,Open - Not Contacted,,80,,,Edinburgh,,,United Kingdom,GC3000 series,,,,,
,Lucas,Ryan,Ryan Solutions Ltd.,President,,,,,,Phone Inquiry,Agriculture,Open - Not Contacted,Cold,,,208 Via Roma,,,,Australia,GC5000 series,Competitor Y200,4941,,,
Dr.,Nathalie,Girard,NGirard Innovations SAS,Purchasing Manager,nathalie.girard@ngirardinnovations.com,,+135 139668465,,https://www.ngirardinnovations.com,Phone Inquiry,,Open - Not Contacted,,,,236 Rue Victor Hugo,,,,France,GC1000 series,,,,10,
Dr.,Jean,Martin,Martin Systems SA,VP Marketing,,+599 556596314,+611 686535615,,https://www.martinsystems.com,Web,,Open - Not Contacted,,,,,Bordeaux,,33000,France,,GC800 series,,,,
Mr.,Alessia,Mancini,Mancini Industries S.r.l.,COO,alessia.mancini@manciniindustries.com,+822 817353632,+642 718830219,,https://www.manciniindustries.com,Purchased List,Shipping,Open - Not Contacted,,,,204 Hauptstrasse,Turin,,10121,Italy,GC1000 series,,,Yes,1,
Dr.,Lucas,Mertens,Mertens Global SPRL,,lucas.mertens@mertensglobal.com,+297 575220319,+440 492894635,,,Web,,Open - Not Contacted,Warm,12,,,Bruges,,,Belgium,,GC500 series,,Yes,,
,Nicolas,Garcia,NGarcia Solutions SA,Procurement Director,nicolas.garcia@ngarciasolutions.com,+864 436707552,,,https://www.ngarciasolutions.com,Partner Referral,Communications,Open - Not Contacted,,,,,Nantes,,44000,France,GC5000 series,,,Yes,,
Ms.,Valerie,Lefebvre,VLefebvre Logistics SARL,Purchasing Manager,valerie.lefebvre@vlefebvrelogistics.com,+896 598415591,,,https://www.vlefebvrelogistics.com,Phone Inquiry,,Open - Not Contacted,,2500,,,,,67000,France,GC1020 series,,,No,,Expressed interest during cold call.
Prof.,Abdoulaye,Diop,Diop Power SARL,CFO,abdoulaye.diop@dioppower.com,+948 665030442,+55 833042106,,https://www.dioppower.com,,Engineering,Open - Not Contacted,Cold,,,23 Calle Mayor,Thies,,,Senegal,,In-house legacy unit,,Yes,10,Attended regional partner event.
Mr.,Sandrine,Simon,SSimon Dynamics SA,Operations Manager,sandrine.simon@ssimondynamics.com,,+697 140700698,,https://www.ssimondynamics.com,,Shipping,Open - Not Contacted,,,,93 Park Lane,Marseille,,13001,France,GC3000 series,,,,,Inbound inquiry about maintenance contracts.
Mrs.,,Hernandez,Hernandez Enterprises LLC,Buyer,contact@hernandezenterprises.com,,,+122 851178850,https://www.hernandezenterprises.com,Partner Referral,,Open - Not Contacted,,2500,250000,192 Business Park Way,San Diego,,,United States,,,,,,
,Sandrine,Dubois,Dubois Technologies SA,,,,,,,Phone Inquiry,Retail,Open - Not Contacted,Warm,,,,Angers,,49000,France,,,,,20,"Existing customer, expansion opportunity."
,,Gerber,AGerber Consulting GmbH,,contact@agerberconsulting.com,,,,,,,Working - Contacted,,1000,,,Lausanne,,1003,Switzerland,,,,Yes,,
Mr.,Isabelle,Lefebvre,ILefebvre Solutions SAS,,isabelle.lefebvre@ilefebvresolutions.com,,+438 774890967,,https://www.ilefebvresolutions.com,,Technology,Open - Not Contacted,,500,1000000,121 Rue Victor Hugo,Rennes,,35000,France,GC1020 series,,4968,No,,
,Claire,Petit,Petit Partners SARL,CTO,claire.petit@petitpartners.com,+223 490748819,+695 614894860,,https://www.petitpartners.com,,Machinery,Open - Not Contacted,,80,50000,81 Business Park Way,Reims,,,France,GC3000 series,,5638,Yes,,
Mr.,Emma,Schulz,Schulz Technologies AG,Procurement Director,emma.schulz@schulztechnologies.com,+951 491913332,,,https://www.schulztechnologies.com,Purchased List,Construction,Open - Not Contacted,,12,1000000,128 High Street,Leipzig,,04109,Germany,GC1020 series,,,,,
Mr.,Youcef,Ferhat,YFerhat Group SARL,,youcef.ferhat@yferhatgroup.com,+827 692874168,+597 894691777,,,Web,Education,Open - Not Contacted,,,120000,176 Industrial Ave,Algiers,,,Algeria,GC5000 series,,,,,Looking to replace aging equipment fleet.
Dr.,Jessica,Anderson,JAnderson Partners Corp.,Procurement Director,jessica.anderson@jandersonpartners.com,,+344 682498004,,https://www.jandersonpartners.com,Phone Inquiry,,Open - Not Contacted,,500,,,Houston,,,United States,GC1020 series,,,No,,
Ms.,Nicolas,Dubois,Dubois Logistics SA,,,+851 850628233,,,,Phone Inquiry,Transportation,Open - Not Contacted,,25,,140 Industrial Ave,Lyon,,69001,France,,,,,,
Dr.,Alexandre,Robert,ARobert Services SARL,,alexandre.robert@arobertservices.com,+960 845638114,+643 970368125,+966 443142680,,,Hospitality,Open - Not Contacted,Cold,,,,Paris,,75001,France,,,,Yes,,
Prof.,Sofia,Santos,SSantos Partners S.A.,,sofia.santos@ssantospartners.com,+902 675808087,,,,,Government,Open - Not Contacted,Hot,,,192 Park Lane,Lisbon,,,Portugal,GC3000 series,,,No,1,
Ms.,Nico,Moser,Moser Technologies GmbH,VP Marketing,nico.moser@mosertechnologies.com,,+992 627342988,,https://www.mosertechnologies.com,,,Open - Not Contacted,,120,,13 Rua Augusta,Lausanne,,1003,Switzerland,,,,,,Downloaded product catalog from website.
Mr.,Olivia,Jones,OJones Group PLC,Facilities Manager,olivia.jones@ojonesgroup.com,+331 331139813,,,,Partner Referral,Media,Open - Not Contacted,,,,187 Rue de la Paix,,,,United Kingdom,GC1000 series,Other Corp X100,,,1,
,Gabriel,Gilles,Gilles Dynamics SPRL,CEO,gabriel.gilles@gillesdynamics.com,+223 596298460,,,,,,Open - Not Contacted,,,,90 Market Street,Ghent,,9000,Belgium,GC5000 series,Competitor Y200,,No,3,Expressed interest during cold call.
Prof.,Nicolas,Bertrand,Bertrand Services SARL,,nicolas.bertrand@bertrandservices.com,,,,https://www.bertrandservices.com,Phone Inquiry,,Open - Not Contacted,Warm,,,156 Zone Industrielle,Lille,,59000,France,GC1000 series,,,Yes,1,
,Charlotte,Roberts,CRoberts Dynamics PLC,,charlotte.roberts@crobertsdynamics.com,+910 356000822,,,,Purchased List,Finance,Working - Contacted,,5,,183 Avenue Foch,Birmingham,,B1 1AA,United Kingdom,,,,Yes,,
Mr.,Marie,Fournier,MFournier International SA,COO,marie.fournier@mfournierinternational.com,+749 991765803,,,,Phone Inquiry,Entertainment,Open - Not Contacted,,,,85 Zone Industrielle,Bordeaux,,,France,GC3000 series,,,,20,
Prof.,Na,Zhang,"Zhang Energy Co., Ltd.",,na.zhang@zhangenergy.com,+661 564712677,+22 466344563,,https://www.zhangenergy.com,,,Open - Not Contacted,Warm,,,,Guangzhou,,510000,China,,,,,,
Mr.,Isla,Clarke,IClarke Enterprises Ltd.,Buyer,isla.clarke@iclarkeenterprises.com,,+810 287977109,,https://www.iclarkeenterprises.com,Other,,Open - Not Contacted,,,,97 Station Road,Melbourne,,3000,Australia,,,,Yes,,
,Thomas,Simon,Simon Corp SAS,Head of Procurement,thomas.simon@simoncorp.com,+145 188149963,+628 175347509,,,Web,Not For Profit,Open - Not Contacted,,5,,86 Innovation Drive,Lyon,,,France,,,,,,
Prof.,Nathalie,Bernard,Bernard Global SARL,Procurement Director,nathalie.bernard@bernardglobal.com,+659 718155490,+817 616511082,,,Other,,Open - Not Contacted,,2500,5000000,156 Calle Mayor,Reims,,,France,,,,No,,Looking to replace aging equipment fleet.
Ms.,Antonio,Alvarez,AAlvarez Group S.A.,,antonio.alvarez@aalvarezgroup.com,,+878 340410305,,https://www.aalvarezgroup.com,,Consulting,Open - Not Contacted,Warm,,120000,,Madrid,,28001,Spain,GC3000 series,Other Corp X100,,,,
,Isabelle,Laurent,ILaurent Partners SAS,CEO,isabelle.laurent@ilaurentpartners.com,+547 188738651,+895 839154312,,,,Manufacturing,Open - Not Contacted,Hot,,,,Rennes,,35000,France,,,,Yes,20,
Prof.,Sara,Rossi,SRossi Energy S.p.A.,President,sara.rossi@srossienergy.com,+475 570881578,+576 819655576,,,Phone Inquiry,Not For Profit,Open - Not Contacted,,,,126 Commerce Blvd,Florence,,50121,Italy,GC1000 series,,,,10,
Dr.,Michel,Dubois,MDubois Industries SAS,VP Sales,michel.dubois@mduboisindustries.com,,,,,Phone Inquiry,,Open - Not Contacted,,,120000,127 Park Lane,Angers,,49000,France,,,,No,,
Prof.,Jacob,Johnson,JJohnson Power PLC,Supply Chain Manager,jacob.johnson@jjohnsonpower.com,+847 382292089,+752 220120010,,,Other,,Closed - Not Converted,,,,,Edinburgh,,EH1 1AA,United Kingdom,,,,Yes,,
Mr.,,Moreau,Moreau International SARL,Managing Director,contact@moreauinternational.com,+208 233053885,,,https://www.moreauinternational.com,Partner Referral,Electronics,Open - Not Contacted,Hot,2500,,,Paris,,75001,France,,In-house legacy unit,,No,,Expressed interest during cold call.
Mr.,Aisha,Al Mheiri,Al Mheiri Corp FZE,Supply Chain Manager,aisha.almheiri@almheiricorp.com,,,+703 642336213,,Other,Government,Open - Not Contacted,,,,,Abu Dhabi,,,United Arab Emirates,,,,,,
,Marie,Wagner,Wagner Innovations AG,Head of Procurement,marie.wagner@wagnerinnovations.com,+354 875260270,,,,Other,,Open - Not Contacted,,,,227 Via Roma,Munich,,80331,Germany,GC1000 series,Other Corp X100,3424,Yes,,
,Pierre,Leroy,Leroy Consulting SARL,,pierre.leroy@leroyconsulting.com,,+520 793961787,+282 386721626,,Other,Engineering,Open - Not Contacted,Hot,,120000,,Reims,,,France,GC1020 series,,3229,,,
Mrs.,Isabelle,Laurent,ILaurent Enterprises SA,COO,isabelle.laurent@ilaurententerprises.com,+995 353764065,+272 657395843,,,Phone Inquiry,Education,Open - Not Contacted,,,,110 Commerce Blvd,Nice,,06000,France,,GC500 series,,Yes,,"Met at trade show, interested in bulk pricing."
,Camille,Moreau,Moreau Partners SAS,,camille.moreau@moreaupartners.com,+421 244273845,,,,,Biotechnology,Open - Not Contacted,Cold,,,,Bordeaux,,33000,France,GC1000 series,,9645,Yes,,
,Maria,Ferreira,Ferreira Services Lda.,Facilities Manager,maria.ferreira@ferreiraservices.com,+92 470196402,+782 540520595,,,Web,,Open - Not Contacted,Hot,50,,83 Bahnhofstrasse,Lisbon,,1000-001,Portugal,GC3000 series,,,,,Inbound inquiry about maintenance contracts.
,Michel,Thomas,MThomas Energy SARL,,michel.thomas@mthomasenergy.com,,,+543 965999543,,,Banking,Working - Contacted,,,,32 Church Road,Toulouse,,,France,,,,Yes,2,"Met at trade show, interested in bulk pricing."
,Laurent,Roux,LRoux Power SAS,President,laurent.roux@lrouxpower.com,+916 123956119,,,https://www.lrouxpower.com,Web,Insurance,Closed - Converted,Cold,250,10000000,,Bordeaux,,,France,,,,,,
Mr.,Alexandre,Vincent,AVincent Power SAS,,alexandre.vincent@avincentpower.com,+619 292786146,,,https://www.avincentpower.com,Web,Retail,Open - Not Contacted,,25,10000000,243 Avenue Foch,Reims,,51100,France,GC5000 series,,,No,,
,Yuko,Suzuki,"Suzuki International Co., Ltd.",VP Sales,yuko.suzuki@suzukiinternational.com,+653 546255095,+508 869417509,,https://www.suzukiinternational.com,Purchased List,,Working - Contacted,,,,5 Boulevard Central,Yokohama,,,Japan,GC1020 series,,,,,
Prof.,Marie,David,David Global SAS,General Manager,marie.david@davidglobal.com,,+641 452061050,,,,,Open - Not Contacted,Hot,,,92 Bahnhofstrasse,Montpellier,,34000,France,,,3269,No,,
Mr.,Mathieu,Dubois,Dubois International SA,VP Sales,mathieu.dubois@duboisinternational.com,,,,https://www.duboisinternational.com,Partner Referral,,Open - Not Contacted,Hot,,,,,,,France,,,,,,
Mrs.,Celine,Michel,CMichel Industries SAS,,celine.michel@cmichelindustries.com,,,,,Partner Referral,Not For Profit,Open - Not Contacted,,,250000,223 Commerce Blvd,Reims,,,France,GC1020 series,,,,,Expressed interest during cold call.
Dr.,Valerie,Girard,VGirard Enterprises SARL,VP Sales,,+91 235975112,,+287 889070577,https://www.vgirardenterprises.com,,,Open - Not Contacted,,,50000,195 Innovation Drive,Toulouse,,31000,France,,,,,,
Prof.,Sandrine,Lefebvre,Lefebvre Enterprises SARL,Plant Manager,sandrine.lefebvre@lefebvreenterprises.com,+940 712293930,,,https://www.lefebvreenterprises.com,Web,Hospitality,Open - Not Contacted,,,,,,,21000,France,,Other Corp X100,,No,,
Dr.,Julien,Petit,JPetit Systems SA,VP Marketing,julien.petit@jpetitsystems.com,,,,,,,Open - Not Contacted,Hot,,,16 Boulevard Central,Paris,,75001,France,,GC800 series,,No,,
Dr.,Camille,Bertrand,Bertrand Corp SARL,,camille.bertrand@bertrandcorp.com,+289 870549218,,,,,,Open - Not Contacted,,1000,5000000,,Rennes,,35000,France,GC1000 series,,,No,,
Mrs.,Fatiha,Bouras,FBouras Consulting SARL,,fatiha.bouras@fbourasconsulting.com,+819 947910637,+386 711464854,,https://www.fbourasconsulting.com,Web,,Closed - Converted,,,,98 Boulevard Central,Algiers,,16000,Algeria,GC3000 series,,,,,
Mrs.,Paul,Meyer,PMeyer Innovations AG,Purchasing Manager,paul.meyer@pmeyerinnovations.com,+325 629856736,,,https://www.pmeyerinnovations.com,Web,Other,Closed - Not Converted,Warm,,2500000,75 Zone Industrielle,Frankfurt,,,Germany,,,,No,,Attended regional partner event.
Prof.,Mathieu,Lefebvre,MLefebvre Industries SAS,,mathieu.lefebvre@mlefebvreindustries.com,+501 958526106,,,https://www.mlefebvreindustries.com,,,Open - Not Contacted,,,,,Reims,,51100,France,GC5000 series,,,,,
,Laurent,Dubois,Dubois Partners SA,,,+452 385268530,+368 264873493,,,,Finance,Open - Not Contacted,,,1000000,133 Bahnhofstrasse,Dijon,,21000,France,,,,,1,
Mr.,Adam,Willems,AWillems Solutions SPRL,Buyer,adam.willems@awillemssolutions.com,+576 514698329,+128 950074450,,,Web,Banking,Open - Not Contacted,,1000,,81 Rua Augusta,,,,Belgium,,,,,1,Looking to replace aging equipment fleet.
Dr.,Ella,Karlsson,Karlsson Technologies AB,Plant Manager,ella.karlsson@karlssontechnologies.com,+401 313595556,,,,,,Open - Not Contacted,Warm,,,,,,211 19,Sweden,GC1020 series,,,,,Looking to replace aging equipment fleet.
Ms.,Camille,Martin,Martin Energy SARL,,camille.martin@martinenergy.com,+227 116318880,,,https://www.martinenergy.com,Other,,Open - Not Contacted,,,,,Paris,,75001,France,GC3000 series,,,Yes,,
Prof.,Mathieu,Thomas,Thomas Innovations SARL,IT Director,mathieu.thomas@thomasinnovations.com,+945 421480742,+4 141171048,,https://www.thomasinnovations.com,Phone Inquiry,Technology,Open - Not Contacted,Cold,2500,10000000,,Rennes,,35000,France,GC1020 series,,,,,Referred by an existing customer.
,Fang,Ma,"FMa Holdings Co., Ltd.",VP Marketing,fang.ma@fmaholdings.com,+831 188663706,+798 725034348,,,Web,Recreation,Open - Not Contacted,,,,,Shenzhen,,,China,,,,,,
Prof.,,Bernard,Bernard Enterprises SAS,VP Marketing,contact@bernardenterprises.com,+36 174312760,,,https://www.bernardenterprises.com,Other,Hospitality,Open - Not Contacted,Hot,,,133 Industrial Ave,Nice,,,France,GC5000 series,None,,,,
Ms.,Karim,Bennis,Bennis Industries SA,,karim.bennis@bennisindustries.com,,,,,,Healthcare,Open - Not Contacted,,80,,183 Calle Mayor,Casablanca,,20000,Morocco,,,8993,,,
Dr.,Lily,Davies,LDavies Dynamics PLC,Owner,lily.davies@ldaviesdynamics.com,+20 693241474,+739 298354109,,,Purchased List,,Open - Not Contacted,,120,120000,,London,,,United Kingdom,GC1020 series,GC500 series,,,,
Mrs.,Nicolas,Laurent,NLaurent Solutions SARL,,nicolas.laurent@nlaurentsolutions.com,+187 450029698,+32 755317976,,,Other,,Open - Not Contacted,Cold,500,,148 Calle Mayor,Grenoble,,38000,France,,,,No,,
Mrs.,Isabelle,Vincent,Vincent Solutions SARL,Facilities Manager,,,,,https://www.vincentsolutions.com,Other,,Open - Not Contacted,,,,,Toulouse,,,France,GC5000 series,Competitor Y200,,No,5,
,Alexandre,David,ADavid Holdings SAS,Procurement Director,alexandre.david@adavidholdings.com,+570 495316737,,+618 892357224,,Other,,Open - Not Contacted,Cold,,120000,194 Zone Industrielle,Rennes,,35000,France,GC3000 series,,,,1,
Ms.,Jean,Garcia,Garcia Corp SARL,,jean.garcia@garciacorp.com,+467 657893146,+830 232911582,,,Phone Inquiry,Engineering,Open - Not Contacted,Hot,,,202 Market Street,Lille,,59000,France,,,8216,,,Referred by an existing customer.
,Emilia,Neumann,Neumann Energy GmbH,,emilia.neumann@neumannenergy.com,+628 156109986,,+465 972979305,,Partner Referral,,Open - Not Contacted,Hot,,,,Frankfurt,,60311,Germany,GC5000 series,,,Yes,,Attended regional partner event.
Prof.,Thomas,Martin,Martin Holdings SA,,thomas.martin@martinholdings.com,,,,https://www.martinholdings.com,,Energy,Open - Not Contacted,,80,,57 Industrial Ave,Lille,,59000,France,,,8171,,,
Mrs.,Said,Ouazzani,SOuazzani Enterprises SARL,Procurement Director,said.ouazzani@souazzanienterprises.com,+744 337626181,,,,Web,Construction,Closed - Not Converted,,,,,Marrakech,,40000,Morocco,GC3000 series,,,No,20,
Ms.,Linda,Smith,LSmith Energy Corp.,VP Marketing,linda.smith@lsmithenergy.com,+276 546024950,,+446 566519399,https://www.lsmithenergy.com,,Food & Beverage,Working - Contacted,,,120000,243 Bahnhofstrasse,Chicago,,,United States,GC3000 series,,,,,
Prof.,Marie,Girard,Girard Consulting SAS,Purchasing Manager,marie.girard@girardconsulting.com,,,,,Web,,Open - Not Contacted,Cold,,,73 Industrial Ave,Reims,,51100,France,GC1020 series,,,No,1,
Prof.,Amelia,O'Brien,AO'Brien Innovations Ltd.,,amelia.obrien@aobrieninnovations.com,+590 996240962,,,,Phone Inquiry,Agriculture,Closed - Converted,,25,10000000,78 Rua Augusta,Dublin,,D01 F5P2,Ireland,,,,,1,"Met at trade show, interested in bulk pricing."
,Marie,Lefebvre,Lefebvre Logistics SA,,,+630 551981391,,,,,Banking,Open - Not Contacted,,,,33 Avenue Foch,Toulouse,,,France,,GC500 series,,,,
Prof.,Thomas,Laurent,Laurent International SA,,thomas.laurent@laurentinternational.com,,+286 776647695,,,,,Open - Not Contacted,,,1000000,102 High Street,Toulouse,,31000,France,,,,,,
Prof.,Mathieu,Roux,Roux Holdings SAS,Plant Manager,,+417 352265353,+424 386166228,,https://www.rouxholdings.com,,,Open - Not Contacted,,250,,107 Calle Mayor,Montpellier,,,France,,,,,3,
Dr.,Omar,Al Zaabi,OAl Zaabi Group LLC,President,omar.alzaabi@oalzaabigroup.com,,,,,,Telecommunications,Closed - Not Converted,,80,,,Sharjah,,,United Arab Emirates,GC1020 series,,,,,Attended regional partner event.
,Zineb,Chraibi,ZChraibi Group SA,,zineb.chraibi@zchraibigroup.com,,,,,,,Open - Not Contacted,,,,143 Commerce Blvd,Casablanca,,,Morocco,,GC1000 series (old model),,Yes,,
,Satoshi,Kobayashi,SKobayashi Enterprises K.K.,General Manager,,+921 113953262,,,,Other,Retail,Open - Not Contacted,Hot,250,,50 Business Park Way,Tokyo,,,Japan,,GC500 series,,No,1,
Mrs.,Pierre,Girard,PGirard Power SAS,COO,pierre.girard@pgirardpower.com,,+856 844973386,,,Partner Referral,Consulting,Open - Not Contacted,Warm,,1000000,,,,,France,,,,Yes,,
Ms.,Giovanni,Romano,Romano Dynamics S.r.l.,,,,+517 655987725,,,,Machinery,Open - Not Contacted,Cold,25,,,Rome,,00100,Italy,GC1020 series,,,,,"Met at trade show, interested in bulk pricing."
Dr.,Ebba,Persson,Persson Enterprises AB,Owner,ebba.persson@perssonenterprises.com,+437 874944298,+818 327696823,,https://www.perssonenterprises.com,,Manufacturing,Open - Not Contacted,,,,91 Industrial Ave,Malmo,,,Sweden,,,,,,Requested a quote via website contact form.
Dr.,Henry,Wood,HWood Systems PLC,Buyer,henry.wood@hwoodsystems.com,,+352 452074850,,https://www.hwoodsystems.com,Purchased List,Telecommunications,Closed - Not Converted,,,,48 Rue de la Paix,Edinburgh,,EH1 1AA,United Kingdom,GC1000 series,,,No,,Expressed interest during cold call.
,Camila,Lima,Lima Consulting S.A.,Operations Manager,camila.lima@limaconsulting.com,+977 336104468,,,,,Government,Open - Not Contacted,Hot,5,,,Curitiba,,80000-000,Brazil,,In-house legacy unit,,,,
,,Michel,Michel Logistics SA,,contact@michellogistics.com,+941 493476643,,,,,,Open - Not Contacted,Cold,2500,50000,49 Industrial Ave,Lyon,,69001,France,GC5000 series,,,,,
,Alexandre,Simon,ASimon Technologies SA,General Manager,alexandre.simon@asimontechnologies.com,+716 674817663,+426 348652540,,https://www.asimontechnologies.com,Phone Inquiry,Government,Open - Not Contacted,Hot,2500,120000,,,,38000,France,GC1000 series,,,Yes,,Referred by an existing customer.
Dr.,Alexandre,Girard,AGirard Solutions SARL,,alexandre.girard@agirardsolutions.com,+771 985779237,,,https://www.agirardsolutions.com,Phone Inquiry,Technology,Open - Not Contacted,,,,,Strasbourg,,67000,France,,,4304,,,
Dr.,Luuk,Smit,Smit Enterprises N.V.,,luuk.smit@smitenterprises.com,+726 998436745,,,https://www.smitenterprises.com,,Retail,Open - Not Contacted,Cold,12,,,Utrecht,,,Netherlands,,,,Yes,,
Mrs.,Antonio,Conti,Conti International S.r.l.,VP Marketing,antonio.conti@contiinternational.com,,,,https://www.contiinternational.com,Web,Environmental,Open - Not Contacted,,500,1000000,184 Via Roma,Bologna,,40121,Italy,GC1000 series,,,No,,
Mrs.,Thomas,Durand,TDurand Corp SARL,Plant Manager,thomas.durand@tdurandcorp.com,,,,,,Not For Profit,Open - Not Contacted,Hot,,250000,6 Via Roma,Lille,,59000,France,,,,,,
Mrs.,Nathalie,Roux,Roux Consulting SA,,nathalie.roux@rouxconsulting.com,+622 243242329,,,,Partner Referral,,Open - Not Contacted,,,1000000,185 Bahnhofstrasse,Lyon,,,France,,,,Yes,,
Dr.,,Girard,Girard International SARL,General Manager,contact@girardinternational.com,+578 899253164,,,https://www.girardinternational.com,Partner Referral,,Open - Not Contacted,,250,,,Angers,,49000,France,,,,,,
,Hedi,Chaouachi,Chaouachi Industries SARL,,hedi.chaouachi@chaouachiindustries.com,,,,,Partner Referral,Insurance,Open - Not Contacted,Warm,,,52 Industrial Ave,Sfax,,3000,Tunisia,GC1020 series,,,Yes,,Downloaded product catalog from website.
Mrs.,Nicolas,Vincent,NVincent Logistics SA,Buyer,nicolas.vincent@nvincentlogistics.com,,,,,Phone Inquiry,Banking,Open - Not Contacted,Hot,,,70 Commerce Blvd,Lyon,,,France,GC1000 series,,,No,,
Prof.,Jean,Dubois,Dubois Enterprises SAS,,,,,+975 978393472,,,,Open - Not Contacted,Hot,5,,99 Rua Augusta,Lyon,,69001,France,,In-house legacy unit,,Yes,,
Mrs.,Paula,Fernandez,Fernandez Enterprises S.A.,President,paula.fernandez@fernandezenterprises.com,+174 976147841,,,https://www.fernandezenterprises.com,Other,Government,Open - Not Contacted,,,,,,,46001,Spain,,,,No,,
,Antoine,Simon,ASimon Group SARL,Sales Director,antoine.simon@asimongroup.com,,,,,Purchased List,Utilities,Open - Not Contacted,Hot,500,,153 Via Roma,Nantes,,44000,France,GC1020 series,,,Yes,,
Prof.,Antoine,Moreau,Moreau Partners SARL,Operations Manager,antoine.moreau@moreaupartners.com,+327 567940915,+732 132571736,+171 475990558,,,,Open - Not Contacted,,50,,5 Boulevard Central,Paris,,75001,France,GC1020 series,,,,1,Requested a quote via website contact form.
,Laurent,Vincent,Vincent Enterprises SA,Head of Procurement,laurent.vincent@vincententerprises.com,+948 684153263,,,,Web,,Open - Not Contacted,,12,5000000,,Toulouse,,31000,France,GC1020 series,,,No,,
Mrs.,Felix,Hoffmann,Hoffmann Global GmbH,Purchasing Manager,felix.hoffmann@hoffmannglobal.com,+959 536268513,+552 821727533,,https://www.hoffmannglobal.com,Other,,Open - Not Contacted,,,5000000,4 Commerce Blvd,Stuttgart,,70173,Germany,GC1000 series,,,,,
Mr.,Aaron,Doyle,Doyle Innovations Ltd.,President,aaron.doyle@doyleinnovations.com,+210 534637969,+418 328217622,+255 451611169,,Purchased List,Construction,Open - Not Contacted,,,,178 Bahnhofstrasse,Cork,,T12 X2AH,Ireland,GC3000 series,,,,,
Ms.,Valerie,Laurent,VLaurent Dynamics SA,Head of Procurement,valerie.laurent@vlaurentdynamics.com,+222 327688295,,,https://www.vlaurentdynamics.com,Phone Inquiry,Chemicals,Open - Not Contacted,,2500,,65 Rue de la Paix,Angers,,49000,France,,,,,2,
Ms.,David,Smith,Smith Logistics Inc.,,david.smith@smithlogistics.com,+581 191214453,+461 659930790,,https://www.smithlogistics.com,Partner Referral,Healthcare,Open - Not Contacted,,25,,,San Antonio,,,United States,GC3000 series,,,Yes,,
Mrs.,Fatima,Zniber,FZniber Consulting SA,Operations Manager,fatima.zniber@fzniberconsulting.com,,,,,,,Open - Not Contacted,,,,,Marrakech,,40000,Morocco,GC3000 series,,,,1,
Prof.,Pooja,Mehta,Mehta Corp Pvt. Ltd.,Managing Director,pooja.mehta@mehtacorp.com,,,,https://www.mehtacorp.com,Purchased List,Not For Profit,Open - Not Contacted,,,,159 Rue Victor Hugo,Mumbai,,400001,India,GC5000 series,,,Yes,,
,Valerie,Bertrand,Bertrand Partners SA,General Manager,,+909 367517981,,,,Other,,Open - Not Contacted,Hot,250,,92 Hauptstrasse,Nantes,,44000,France,GC1020 series,,,,2,
Mr.,Lena,Schwarz,LSchwarz Power AG,VP Marketing,lena.schwarz@lschwarzpower.com,+674 381658908,,,https://www.lschwarzpower.com,Partner Referral,,Open - Not Contacted,,,,,Cologne,,,Germany,,,,No,1,
,Noah,Leclercq,NLeclercq Energy SA,,noah.leclercq@nleclercqenergy.com,+458 819034683,+438 529416986,,,Purchased List,Other,Open - Not Contacted,,,,242 Industrial Ave,Ghent,,9000,Belgium,,,,Yes,,
Prof.,Lukas,Zimmermann,LZimmermann Corp AG,,lukas.zimmermann@lzimmermanncorp.com,,+348 155327823,,https://www.lzimmermanncorp.com,Other,Electronics,Working - Contacted,,,250000,,Leipzig,,,Germany,GC5000 series,In-house legacy unit,6035,,1,
Prof.,Lisa,Brown,LBrown Power LLC,,lisa.brown@lbrownpower.com,+522 777119320,+40 354699966,,,Other,Machinery,Open - Not Contacted,,,,213 Rua Augusta,Austin,,73301,United States,,,,,,
Mr.,,Laurent,CLaurent Holdings SA,CFO,contact@claurentholdings.com,,+534 438837659,,https://www.claurentholdings.com,Purchased List,Finance,Open - Not Contacted,,,,87 Calle Mayor,Paris,,75001,France,GC1000 series,GC1000 series (old model),,No,1,
Mrs.,Omar,Al Suwaidi,Al Suwaidi International FZE,Plant Manager,omar.alsuwaidi@alsuwaidiinternational.com,,,,,Phone Inquiry,Government,Open - Not Contacted,Hot,1000,,225 Innovation Drive,Dubai,,,United Arab Emirates,,,8032,No,,
Mrs.,Nathalie,Moreau,Moreau Dynamics SAS,,nathalie.moreau@moreaudynamics.com,,,,,,Machinery,Open - Not Contacted,,,,,Rennes,,,France,GC1000 series,,2838,No,,Follow up after product demo webinar.
Ms.,Valerie,Bernard,Bernard Consulting SAS,Supply Chain Manager,valerie.bernard@bernardconsulting.com,+832 550633896,+16 331484322,,https://www.bernardconsulting.com,Partner Referral,Retail,Open - Not Contacted,,500,120000,58 Rue Victor Hugo,Nice,,,France,,GC800 series,,Yes,,
Ms.,Celine,David,David Technologies SARL,,,,,,https://www.davidtechnologies.com,,,Working - Contacted,,,,170 Via Roma,Toulouse,,,France,GC3000 series,,,,,
Prof.,Antoine,Lefebvre,ALefebvre Logistics SA,,antoine.lefebvre@alefebvrelogistics.com,,+484 131932394,,https://www.alefebvrelogistics.com,,,Open - Not Contacted,,,1000000,137 Commerce Blvd,Montpellier,,34000,France,GC5000 series,,,,,
,Noah,Morrison,Morrison Enterprises Ltd.,,,+733 913183661,,,https://www.morrisonenterprises.com,,,Working - Contacted,,,,,Ottawa,,K1P 1J1,Canada,,,,,,
Dr.,Nico,Meier,NMeier Global GmbH,Operations Manager,nico.meier@nmeierglobal.com,+793 481697212,,,,Purchased List,Recreation,Open - Not Contacted,Cold,,10000000,,,,8001,Switzerland,GC1020 series,,,Yes,1,
Dr.,Jack,Robinson,JRobinson Industries PLC,,,+511 181184297,,,https://www.jrobinsonindustries.com,Other,,Open - Not Contacted,,25,2500000,156 Industrial Ave,Bristol,,,United Kingdom,,,,No,,
Mr.,Sophie,Durand,Durand Systems SARL,Plant Manager,,,+997 125236678,,,,Banking,Open - Not Contacted,,,,,Montpellier,,34000,France,GC5000 series,GC800 series,,Yes,,
Prof.,Valerie,Bernard,Bernard Group SARL,Facilities Manager,valerie.bernard@bernardgroup.com,,+928 998953284,,https://www.bernardgroup.com,Purchased List,,Open - Not Contacted,,500,,,Lille,,,France,,,,No,20,
,Mila,Meijer,Meijer Enterprises N.V.,CFO,mila.meijer@meijerenterprises.com,,,,,Partner Referral,,Open - Not Contacted,Hot,,2500000,23 Church Road,Utrecht,,,Netherlands,,,1860,Yes,3,Downloaded product catalog from website.
Mrs.,Thomas,Bernard,TBernard Innovations SA,,thomas.bernard@tbernardinnovations.com,+851 332575378,+98 248825980,,https://www.tbernardinnovations.com,Web,Chemicals,Open - Not Contacted,,,120000,229 Industrial Ave,Dijon,,,France,GC5000 series,,,No,1,Referred by an existing customer.
Mrs.,Valerie,Petit,Petit Consulting SA,Procurement Director,valerie.petit@petitconsulting.com,,,,https://www.petitconsulting.com,Phone Inquiry,Communications,Open - Not Contacted,,2500,2500000,,Rennes,,35000,France,GC3000 series,,,,1,
Dr.,Marie,Fournier,MFournier Logistics SARL,Supply Chain Manager,marie.fournier@mfournierlogistics.com,,,+387 254993070,,Web,,Open - Not Contacted,,12,50000,137 Industrial Ave,Paris,,75001,France,,GC1000 series (old model),,,1,
Mrs.,Li,Zhu,"LZhu Group Co., Ltd.",,li.zhu@lzhugroup.com,+918 910665587,,,,Phone Inquiry,Education,Open - Not Contacted,Hot,,,171 Station Road,Shanghai,,200000,China,,Other Corp X100,,,3,Referred by an existing customer.
,Jean,Fournier,Fournier Global SARL,President,,+415 143544444,,,https://www.fournierglobal.com,Partner Referral,Machinery,Open - Not Contacted,,,,179 Hauptstrasse,Nantes,,,France,,,,,,Follow up after product demo webinar.
Mrs.,Larissa,Costa,LCosta Enterprises Ltda.,COO,larissa.costa@lcostaenterprises.com,,,,https://www.lcostaenterprises.com,Purchased List,Hospitality,Open - Not Contacted,,,,,Rio de Janeiro,,20000-000,Brazil,,,8148,,,Looking to replace aging equipment fleet.
,Khadija,Sqalli,Sqalli Group SA,,khadija.sqalli@sqalligroup.com,,+356 570742222,,,Other,Entertainment,Open - Not Contacted,,5,2500000,,Fes,,,Morocco,,,,Yes,,Referred by an existing customer.
Dr.,Claire,Petit,Petit Energy SARL,VP Marketing,claire.petit@petitenergy.com,,+90 772278465,,,,Food & Beverage,Open - Not Contacted,Warm,,50000,33 Station Road,Strasbourg,,,France,GC5000 series,,,No,1,Requested a quote via website contact form.
,Laura,Muller,Muller Dynamics GmbH,IT Director,laura.muller@mullerdynamics.com,,,,,Other,Banking,Open - Not Contacted,,120,,208 Commerce Blvd,Cologne,,50667,Germany,,,,,1,
Ms.,Paolo,De Luca,De Luca Power S.r.l.,,paolo.deluca@delucapower.com,+236 172445215,,,,Partner Referral,,Open - Not Contacted,Hot,50,,22 Commerce Blvd,Rome,,00100,Italy,,,,Yes,,
Dr.,Arjun,Rao,ARao Corp Ltd.,,arjun.rao@araocorp.com,,,,,Purchased List,Communications,Open - Not Contacted,,1000,,242 Park Lane,Chennai,,600001,India,,,,No,1,
Prof.,Marie,Martin,Martin Group SARL,CEO,marie.martin@martingroup.com,+430 957338747,+5 559791875,,,Partner Referral,Shipping,Open - Not Contacted,,,,,Bordeaux,,33000,France,,,,Yes,,
Dr.,Camille,Roux,CRoux Logistics SAS,,,,,,,,,Open - Not Contacted,,,,159 Rue Victor Hugo,Paris,,75001,France,GC5000 series,GC800 series,,No,,
,Jennifer,Moore,JMoore Industries Corp.,,jennifer.moore@jmooreindustries.com,,,,,,Technology,Open - Not Contacted,Warm,1000,,96 Bahnhofstrasse,Austin,,73301,United States,GC1000 series,,,,1,
Ms.,Mila,Mertens,Mertens Partners SPRL,,mila.mertens@mertenspartners.com,+450 672903261,,,https://www.mertenspartners.com,,,Open - Not Contacted,,,,,Liege,,4000,Belgium,GC5000 series,,,No,,
Prof.,Alicja,Mazur,AMazur Corp S.A.,,alicja.mazur@amazurcorp.com,+721 261233557,,+52 641720102,,,,Open - Not Contacted,Warm,,10000000,,Warsaw,,,Poland,GC1000 series,,,No,1,Follow up after product demo webinar.
,Alexandre,Durand,ADurand Group SA,,,+931 150393690,,,,Web,,Open - Not Contacted,Warm,,2500000,,Bordeaux,,33000,France,GC5000 series,,,,,
Ms.,Laurent,Martin,Martin Systems SARL,Supply Chain Manager,,+36 234552779,,,,,Transportation,Open - Not Contacted,,,,179 Rue de la Paix,Grenoble,,38000,France,,,8584,No,,
Prof.,Isabelle,Roux,IRoux Consulting SAS,,isabelle.roux@irouxconsulting.com,+211 737427437,+833 379127130,,,Purchased List,,Open - Not Contacted,,120,,,Dijon,,21000,France,,,7923,,,
Prof.,Farid,Belaid,FBelaid Holdings SARL,Plant Manager,farid.belaid@fbelaidholdings.com,,,,https://www.fbelaidholdings.com,Purchased List,Machinery,Open - Not Contacted,Warm,,,,Oran,,31000,Algeria,GC5000 series,,,,,
,Harry,Williams,HWilliams Corp Ltd.,Purchasing Manager,,+107 482176148,,,,Web,,Open - Not Contacted,Cold,12,250000,,Glasgow,,G1 1AA,United Kingdom,GC1020 series,,,No,,
,Nicolas,Leroy,Leroy Corp SA,Procurement Director,,,,,,,,Open - Not Contacted,,500,,,Grenoble,,38000,France,GC1000 series,GC500 series,,,,
,,Thomas,Thomas Industries SAS,IT Director,contact@thomasindustries.com,+882 740786648,,,,,Apparel,Open - Not Contacted,Hot,,,67 High Street,Marseille,,,France,,,,,2,
Ms.,Valerie,Dubois,Dubois International SA,,,+124 588799407,,,https://www.duboisinternational.com,Purchased List,,Open - Not Contacted,,,,43 High Street,Marseille,,,France,GC3000 series,,,,,
,Celine,Thomas,CThomas Industries SA,Buyer,celine.thomas@cthomasindustries.com,+245 138573279,,,,Web,Retail,Open - Not Contacted,Cold,,,216 Park Lane,Toulouse,,31000,France,GC3000 series,,,Yes,1,
Dr.,,Leroy,TLeroy Solutions SA,Operations Manager,contact@tleroysolutions.com,+786 688042954,,,https://www.tleroysolutions.com,Other,Apparel,Open - Not Contacted,,120,,12 High Street,Reims,,51100,France,GC3000 series,GC500 series,,No,,
,Aurelie,David,ADavid Power SARL,,,,,,,Partner Referral,Agriculture,Open - Not Contacted,Hot,2500,,49 High Street,Bordeaux,,33000,France,GC5000 series,,,No,1,
Mr.,,Michel,Michel Solutions SAS,,contact@michelsolutions.com,+498 970186498,+929 779382055,,https://www.michelsolutions.com,,Banking,Open - Not Contacted,,,50000,,,,13001,France,,,9929,,2,
Dr.,Julia,Smit,Smit Power B.V.,Owner,julia.smit@smitpower.com,+379 216594707,,,https://www.smitpower.com,Purchased List,Healthcare,Open - Not Contacted,,,50000,,Rotterdam,,3011,Netherlands,GC3000 series,,,No,,
Prof.,Maria,Rodriguez,MRodriguez Services S.A.,,maria.rodriguez@mrodriguezservices.com,+395 571330222,,,,Other,Technology,Open - Not Contacted,,,,4 Calle Mayor,Malaga,,29001,Spain,,,7468,Yes,,
Dr.,Nathalie,Bernard,NBernard Energy SAS,,nathalie.bernard@nbernardenergy.com,,+852 758566617,,https://www.nbernardenergy.com,,Engineering,Open - Not Contacted,,,,82 Rua Augusta,Montpellier,,34000,France,,None,,,,"Met at trade show, interested in bulk pricing."
Prof.,Celine,Fournier,Fournier Industries SA,Operations Manager,celine.fournier@fournierindustries.com,+240 631974909,+88 989785859,,,,Hospitality,Open - Not Contacted,Cold,,,,Montpellier,,34000,France,GC3000 series,,,,,
Prof.,Nicolas,Fournier,NFournier Services SARL,COO,nicolas.fournier@nfournierservices.com,+869 930768503,,,https://www.nfournierservices.com,Phone Inquiry,,Open - Not Contacted,,,,123 Zone Industrielle,Dijon,,21000,France,,,,,,
Dr.,Alexandre,Roux,Roux Partners SA,,alexandre.roux@rouxpartners.com,,+38 321408835,,,,Recreation,Open - Not Contacted,,,,,Reims,,,France,GC1000 series,,8284,Yes,,
,Michel,Fournier,MFournier Corp SARL,,,+160 969580724,+449 514495818,,,,Agriculture,Open - Not Contacted,,,,224 Market Street,Bordeaux,,33000,France,,Other Corp X100,,,10,Expressed interest during cold call.
,Valerie,Bernard,Bernard Energy SARL,,valerie.bernard@bernardenergy.com,,,,,Other,,Open - Not Contacted,Warm,120,,,Angers,,49000,France,GC1020 series,,,No,1,
Prof.,Marta,Alvarez,Alvarez Services S.A.,President,marta.alvarez@alvarezservices.com,,+441 261489930,,,Web,Insurance,Working - Contacted,Warm,250,,,Madrid,,28001,Spain,,,,Yes,,
,Valerie,Durand,VDurand Dynamics SA,VP Sales,valerie.durand@vduranddynamics.com,,+734 586204237,,https://www.vduranddynamics.com,Purchased List,,Open - Not Contacted,,,,140 Via Roma,Rennes,,35000,France,,,,Yes,20,
Ms.,Jean,Garcia,Garcia Technologies SAS,,jean.garcia@garciatechnologies.com,+868 745214993,,,https://www.garciatechnologies.com,Partner Referral,,Open - Not Contacted,,50,,,Grenoble,,,France,,,,,10,
Mr.,Finn,Schulz,FSchulz Partners GmbH,Buyer,finn.schulz@fschulzpartners.com,,,,,Phone Inquiry,,Open - Not Contacted,,25,,,Hamburg,,20095,Germany,GC1020 series,,,,,Looking to replace aging equipment fleet.
,Laurent,Simon,LSimon Consulting SAS,CEO,laurent.simon@lsimonconsulting.com,+817 284044876,,,,Purchased List,,Open - Not Contacted,,,,234 Innovation Drive,Dijon,,,France,,,,Yes,,
Prof.,Sandrine,Petit,Petit Innovations SARL,VP Marketing,sandrine.petit@petitinnovations.com,,,,https://www.petitinnovations.com,Phone Inquiry,Education,Open - Not Contacted,,,,132 Boulevard Central,Bordeaux,,,France,GC3000 series,,,,1,
,Isabelle,Laurent,Laurent Group SAS,Operations Manager,isabelle.laurent@laurentgroup.com,+740 727194476,,,https://www.laurentgroup.com,Other,,Open - Not Contacted,Hot,,50000,,Angers,,,France,GC1000 series,,,,,Referred by an existing customer.
Dr.,Jonas,Klein,Klein Energy AG,,jonas.klein@kleinenergy.com,+956 721871327,+655 565635129,,,Phone Inquiry,Recreation,Open - Not Contacted,,80,,190 Via Roma,Frankfurt,,,Germany,GC3000 series,,,No,,
,,Hansson,WHansson Corp AB,IT Director,contact@whanssoncorp.com,+149 439083765,,,https://www.whanssoncorp.com,Other,Construction,Closed - Converted,,25,,,Malmo,,,Sweden,,,,No,,
,Said,Zniber,Zniber Solutions SARL,Operations Manager,said.zniber@znibersolutions.com,,+304 412788232,,,Other,,Open - Not Contacted,Hot,,,,,,,Morocco,,,,No,,
Dr.,Jean,Michel,JMichel Technologies SA,Operations Manager,jean.michel@jmicheltechnologies.com,+678 290018334,,+566 260165713,,Purchased List,,Open - Not Contacted,,,1000000,86 Industrial Ave,Marseille,,13001,France,,,,Yes,,Referred by an existing customer.
Dr.,Felix,Schmidt,Schmidt Dynamics GmbH,,felix.schmidt@schmidtdynamics.com,+544 711592230,+817 861271721,,,Web,Media,Open - Not Contacted,,,,26 Innovation Drive,Frankfurt,,60311,Germany,,,,,5,
,Emily,Wood,Wood Services Ltd.,Operations Manager,emily.wood@woodservices.com,+324 757391778,,+853 543320572,https://www.woodservices.com,Partner Referral,Engineering,Open - Not Contacted,,2500,,52 Industrial Ave,Leeds,,,United Kingdom,GC5000 series,,,Yes,1,
Mr.,Michel,Simon,Simon Holdings SA,,michel.simon@simonholdings.com,+81 566049029,,,,Purchased List,,Open - Not Contacted,,2500,1000000,,Montpellier,,34000,France,,,9327,No,5,
,Priya,Shah,Shah Holdings Ltd.,,priya.shah@shahholdings.com,+773 882331933,,,https://www.shahholdings.com,Partner Referral,Healthcare,Open - Not Contacted,,,,,Bangalore,,560001,India,GC5000 series,,,Yes,,
Mrs.,Camille,Moreau,Moreau Solutions SARL,VP Sales,,,,,,Purchased List,,Open - Not Contacted,,,,12 Main Street,,,51100,France,GC1000 series,,,,,
,Sami,Chaouachi,Chaouachi Solutions SA,Buyer,sami.chaouachi@chaouachisolutions.com,,,,,Phone Inquiry,,Open - Not Contacted,,,,,Sfax,,,Tunisia,GC5000 series,,,,,
Mr.,,Garcia,Garcia Partners SA,Facilities Manager,contact@garciapartners.com,+914 681216853,,,https://www.garciapartners.com,,,Open - Not Contacted,,12,,134 Business Park Way,Toulouse,,31000,France,,None,,,2,"Existing customer, expansion opportunity."
Mr.,Jesse,Dekker,JDekker Corp N.V.,,jesse.dekker@jdekkercorp.com,+7 879525894,,+57 597225409,https://www.jdekkercorp.com,Partner Referral,,Open - Not Contacted,,2500,,,Amsterdam,,1011,Netherlands,,In-house legacy unit,,No,,
Mrs.,Michel,Dubois,MDubois Dynamics SA,,michel.dubois@mduboisdynamics.com,,,,,Partner Referral,,Open - Not Contacted,,,,,Toulouse,,,France,GC1000 series,,,Yes,,
,,Williams,OWilliams Enterprises PLC,CFO,contact@owilliamsenterprises.com,,+682 473461570,,,,Banking,Working - Contacted,,,,228 Avenue Foch,Glasgow,,G1 1AA,United Kingdom,GC1020 series,,,Yes,,"Met at trade show, interested in bulk pricing."
,Mathieu,Lefebvre,MLefebvre Consulting SARL,,,,,,,Phone Inquiry,Environmental,Open - Not Contacted,,2500,,62 Boulevard Central,Toulouse,,31000,France,GC3000 series,,,No,,
,Emma,Gauthier,EGauthier Solutions Inc.,,emma.gauthier@egauthiersolutions.com,+642 254226765,,,,,Communications,Open - Not Contacted,,,250000,184 Via Roma,Montreal,,H2Y 1C6,Canada,GC5000 series,,,,3,Follow up after product demo webinar.
Mrs.,Bram,Brouwer,BBrouwer Consulting B.V.,,bram.brouwer@bbrouwerconsulting.com,,,,,Purchased List,Media,Open - Not Contacted,,,,46 Via Roma,The Hague,,2511,Netherlands,,,,,,
Ms.,Aurelie,Martin,AMartin Innovations SAS,,aurelie.martin@amartininnovations.com,+666 223821034,+953 377446635,,,,Environmental,Open - Not Contacted,,,1000000,19 Industrial Ave,Bordeaux,,,France,GC3000 series,,,,,Referred by an existing customer.
Mr.,Sophie,Vincent,SVincent Energy SARL,Head of Procurement,sophie.vincent@svincentenergy.com,+440 522300792,,,,Other,,Open - Not Contacted,,25,,,Toulouse,,,France,GC5000 series,,,No,,"Met at trade show, interested in bulk pricing."
,Laurent,Petit,Petit Industries SA,,laurent.petit@petitindustries.com,,,,https://www.petitindustries.com,Purchased List,Biotechnology,Open - Not Contacted,,25,,,Dijon,,,France,,,,No,,
Mrs.,Wojciech,Nowak,WNowak Enterprises Sp. z o.o.,Purchasing Manager,wojciech.nowak@wnowakenterprises.com,+12 276200246,+389 644239462,,https://www.wnowakenterprises.com,Purchased List,Engineering,Open - Not Contacted,Hot,,,57 Commerce Blvd,Warsaw,,00-001,Poland,GC1000 series,,,,,Follow up after product demo webinar.
,Aurelie,Garcia,Garcia Dynamics SAS,,aurelie.garcia@garciadynamics.com,+794 913152349,,,,Purchased List,,Open - Not Contacted,Cold,500,,8 Avenue Foch,Lyon,,69001,France,,,,No,2,
,Khadija,Fassi,KFassi Technologies SA,Purchasing Manager,,+650 141920912,+331 186784181,,,Other,Environmental,Open - Not Contacted,,,1000000,,Fes,,,Morocco,GC1020 series,,,No,,
Mrs.,Freya,Taylor,Taylor Energy Ltd.,,freya.taylor@taylorenergy.com,+784 861192463,,,,Phone Inquiry,,Open - Not Contacted,Cold,120,,,London,,EC1A 1BB,United Kingdom,GC1020 series,,,No,1,Follow up after product demo webinar.
Prof.,,Moreau,Moreau Consulting SARL,CEO,contact@moreauconsulting.com,,,,,,,Open - Not Contacted,,,10000000,205 Rua Augusta,Toulouse,,31000,France,GC1020 series,,,,,Referred by an existing customer.
Ms.,Claire,Bernard,Bernard Systems SAS,Managing Director,claire.bernard@bernardsystems.com,+975 558769147,,,,,Education,Open - Not Contacted,,12,,159 Zone Industrielle,Grenoble,,38000,France,GC1020 series,,,No,5,
Dr.,Claire,Fournier,Fournier Technologies SA,President,,+753 935318739,+587 678140811,,https://www.fourniertechnologies.com,Other,Agriculture,Open - Not Contacted,Hot,,,35 Bahnhofstrasse,Rennes,,35000,France,,,,,,"Met at trade show, interested in bulk pricing."
Ms.,,Faye,Faye Services SARL,Facilities Manager,contact@fayeservices.com,,+690 929415054,,,Phone Inquiry,Engineering,Open - Not Contacted,Warm,2500,50000,,Thies,,,Senegal,GC3000 series,,,,10,
Mr.,Valerie,Durand,VDurand Logistics SAS,VP Sales,valerie.durand@vdurandlogistics.com,+518 215993292,+250 999258921,,https://www.vdurandlogistics.com,Partner Referral,Food & Beverage,Open - Not Contacted,,80,50000,169 Boulevard Central,Lyon,,,France,GC5000 series,,7336,No,1,Inbound inquiry about maintenance contracts.
Mr.,Julien,Fournier,Fournier Power SAS,Owner,julien.fournier@fournierpower.com,+87 818933547,+939 181013661,,https://www.fournierpower.com,Web,Transportation,Open - Not Contacted,Hot,,,,Nantes,,,France,,,,,,Inbound inquiry about maintenance contracts.
Mr.,Nicolas,Petit,NPetit Enterprises SARL,Supply Chain Manager,,+272 283334481,+700 635085594,,https://www.npetitenterprises.com,Web,,Open - Not Contacted,Hot,,,136 Church Road,Grenoble,,38000,France,,GC1000 series (old model),8306,Yes,,
Prof.,Celine,Vincent,Vincent Technologies SAS,Supply Chain Manager,celine.vincent@vincenttechnologies.com,+854 284266992,+887 411955403,,,,,Open - Not Contacted,Hot,,,,Montpellier,,,France,,,,,,
Ms.,Thomas,Fournier,Fournier Technologies SARL,Sales Director,thomas.fournier@fourniertechnologies.com,,,+546 480895594,https://www.fourniertechnologies.com,,Construction,Closed - Converted,,,,,Toulouse,,,France,GC1000 series,,,,1,
Mrs.,Juan,Rodriguez,JRodriguez Innovations S.A.,,juan.rodriguez@jrodriguezinnovations.com,+594 629289438,+531 560065117,,https://www.jrodriguezinnovations.com,,Environmental,Open - Not Contacted,,,,,Bilbao,,48001,Spain,,,,No,,Referred by an existing customer.
Mr.,Elias,Lindgren,Lindgren Holdings AB,CFO,elias.lindgren@lindgrenholdings.com,+782 630468290,,,https://www.lindgrenholdings.com,,Banking,Open - Not Contacted,Hot,,,80 Market Street,Malmo,,211 19,Sweden,,GC500 series,,Yes,,Expressed interest during cold call.
Ms.,Mathieu,Michel,Michel Energy SA,IT Director,mathieu.michel@michelenergy.com,+100 234774457,,,,Web,Retail,Open - Not Contacted,,,,,Paris,,75001,France,GC5000 series,,,,,
Dr.,Anna,Giordano,AGiordano Power S.p.A.,,anna.giordano@agiordanopower.com,+833 694685039,,+682 345075212,,,Food & Beverage,Open - Not Contacted,,,120000,,,,00100,Italy,,,,No,10,Looking to replace aging equipment fleet.
Dr.,Pierre,Dubois,PDubois Services SA,Purchasing Manager,pierre.dubois@pduboisservices.com,,+943 124335019,,,Other,Consulting,Open - Not Contacted,,,,115 Park Lane,Rennes,,35000,France,,,6323,,2,Downloaded product catalog from website.
Dr.,Aurelie,David,ADavid Consulting SAS,Head of Procurement,aurelie.david@adavidconsulting.com,,,,,,Education,Open - Not Contacted,Cold,,,,Nantes,,,France,,,,Yes,20,
Mr.,Alexandre,Simon,ASimon Innovations SARL,,alexandre.simon@asimoninnovations.com,+693 816844604,,,,Phone Inquiry,Biotechnology,Open - Not Contacted,,500,500000,,Grenoble,,38000,France,,None,,,,"Existing customer, expansion opportunity."
Prof.,Mohamed,Fassi,MFassi Enterprises SARL,Owner,mohamed.fassi@mfassienterprises.com,+33 953898593,,,,Web,,Open - Not Contacted,,,,,Casablanca,,20000,Morocco,GC1000 series,,,No,,
,Aurelie,Martin,Martin Holdings SA,,aurelie.martin@martinholdings.com,+6 636401764,,,https://www.martinholdings.com,Web,Banking,Open - Not Contacted,,1000,,,,,59000,France,GC1020 series,,,,,
Mrs.,Sophie,Dubois,SDubois Services SARL,,sophie.dubois@sduboisservices.com,+284 368017032,+907 268635431,,,Phone Inquiry,,Open - Not Contacted,,,,,Montpellier,,34000,France,,,,,2,
Mr.,Isla,Lewis,ILewis Consulting Ltd.,President,,+987 540372869,,,,Partner Referral,Construction,Open - Not Contacted,Warm,12,,,Glasgow,,G1 1AA,United Kingdom,,,,,,
Dr.,Valerie,Laurent,VLaurent Technologies SARL,Operations Manager,,+79 169256708,,,https://www.vlaurenttechnologies.com,Phone Inquiry,Communications,Working - Contacted,Hot,12,,132 Avenue Foch,,,67000,France,GC1000 series,,,Yes,2,
,Mathieu,Laurent,MLaurent Solutions SARL,Facilities Manager,,,+490 995892945,,,,Biotechnology,Open - Not Contacted,Warm,,5000000,,Grenoble,,,France,GC1020 series,,,Yes,,
Ms.,Celine,Garcia,CGarcia Energy SAS,CEO,celine.garcia@cgarciaenergy.com,,,,https://www.cgarciaenergy.com,Other,Entertainment,Open - Not Contacted,,,,4 High Street,Toulouse,,31000,France,,GC800 series,,No,,
,Celine,Martin,CMartin Services SARL,Owner,celine.martin@cmartinservices.com,+731 787851729,+38 814714118,,,Partner Referral,Electronics,Open - Not Contacted,,,,105 Market Street,Lille,,59000,France,,,,No,,
,Thomas,Robert,TRobert Services SA,COO,,,,,,Partner Referral,Transportation,Open - Not Contacted,,,,108 Hauptstrasse,Strasbourg,,67000,France,GC1000 series,,,,,
,Alexandre,Laurent,ALaurent Group SARL,COO,,,,,,Phone Inquiry,Not For Profit,Open - Not Contacted,,,,68 Via Roma,Bordeaux,,33000,France,,,,No,,
,Nathalie,Girard,NGirard Solutions SA,,nathalie.girard@ngirardsolutions.com,+696 433671297,+343 641583718,,https://www.ngirardsolutions.com,Other,,Open - Not Contacted,,,,232 Park Lane,Grenoble,,38000,France,,,,,,
Dr.,Alexandre,Girard,Girard Power SA,,alexandre.girard@girardpower.com,,,,https://www.girardpower.com,Purchased List,,Open - Not Contacted,,12,,,Dijon,,21000,France,,Other Corp X100,,No,,
,Giuseppe,Gallo,GGallo Dynamics S.r.l.,Plant Manager,giuseppe.gallo@ggallodynamics.com,+703 782155988,+602 186178952,,,Partner Referral,,Open - Not Contacted,,,,101 Rue Victor Hugo,Turin,,10121,Italy,GC1020 series,,,Yes,20,Follow up after product demo webinar.
,Jean,Laurent,Laurent Partners SAS,,jean.laurent@laurentpartners.com,+994 460972517,,,,,,Open - Not Contacted,,80,,205 Innovation Drive,Toulouse,,31000,France,,,,No,2,
Dr.,Abdelkader,Ferhat,Ferhat Holdings SPA,,abdelkader.ferhat@ferhatholdings.com,+893 186994349,+390 473098568,,https://www.ferhatholdings.com,Purchased List,Technology,Open - Not Contacted,,120,,73 Innovation Drive,Constantine,,25000,Algeria,,,,,,Referred by an existing customer.
Prof.,,Thomas,Thomas Corp Inc.,VP Sales,,+809 755617282,,,,Partner Referral,,Open - Not Contacted,,,10000000,196 Boulevard Central,Philadelphia,,,United States,,,,,,
Prof.,Levi,Van Dijk,LVan Dijk Enterprises N.V.,IT Director,levi.vandijk@lvandijkenterprises.com,+448 194408740,,,,Web,,Open - Not Contacted,,500,,168 Industrial Ave,The Hague,,2511,Netherlands,GC1020 series,,,Yes,,
,Sophie,Dubois,Dubois Holdings SAS,CTO,sophie.dubois@duboisholdings.com,,,+691 411162685,https://www.duboisholdings.com,Phone Inquiry,Shipping,Closed - Not Converted,,,,,Rennes,,35000,France,GC1000 series,,,Yes,,
Mrs.,,Thomas,Thomas Technologies SAS,Operations Manager,contact@thomastechnologies.com,+366 759873371,+807 232287003,,,,Apparel,Open - Not Contacted,Warm,25,,,Strasbourg,,67000,France,,,,Yes,,
Dr.,Michel,Girard,Girard Power SAS,VP Sales,michel.girard@girardpower.com,+399 290535981,+439 820502180,,https://www.girardpower.com,Web,,Open - Not Contacted,,,5000000,,Toulouse,,31000,France,GC1020 series,,,Yes,,
,John,Wilson,JWilson Innovations Corp.,Head of Procurement,john.wilson@jwilsoninnovations.com,+990 633068427,,,,,Construction,Open - Not Contacted,,,1000000,200 Market Street,Philadelphia,,19101,United States,GC3000 series,,,,1,Follow up after product demo webinar.
Dr.,Lily,Watson,LWatson Dynamics Ltd.,,lily.watson@lwatsondynamics.com,+229 854556611,,,,Purchased List,Finance,Open - Not Contacted,,,,96 Main Street,Glasgow,,G1 1AA,United Kingdom,GC1020 series,Competitor Y200,,No,2,
,Sophie,Bertrand,Bertrand Systems SA,Sales Director,sophie.bertrand@bertrandsystems.com,,+261 638583750,,https://www.bertrandsystems.com,Phone Inquiry,Education,Closed - Not Converted,,,,89 Via Roma,,,13001,France,,,3496,No,,
,Isabelle,Lefebvre,Lefebvre Industries SARL,CEO,isabelle.lefebvre@lefebvreindustries.com,,,,,Purchased List,Machinery,Open - Not Contacted,,1000,,91 Hauptstrasse,Strasbourg,,,France,GC1000 series,GC1000 series (old model),,No,1,
Mr.,Anna,Michaux,Michaux Partners SPRL,,anna.michaux@michauxpartners.com,,+601 435894291,,,Other,,Open - Not Contacted,,,250000,108 Boulevard Central,Brussels,,,Belgium,,,,No,,
,Alioune,Kane,AKane Corp SARL,Head of Procurement,,+853 214680066,+751 171343415,,https://www.akanecorp.com,Partner Referral,,Open - Not Contacted,,,,,Thies,,,Senegal,GC1020 series,,,Yes,10,
Mrs.,Sophie,Martin,Martin Energy SAS,Sales Director,sophie.martin@martinenergy.com,+383 883659261,+61 633847686,,https://www.martinenergy.com,Web,,Open - Not Contacted,,80,1000000,29 Commerce Blvd,Lille,,59000,France,,,,Yes,,Referred by an existing customer.
,Aurelie,Robert,ARobert Solutions SA,VP Marketing,aurelie.robert@arobertsolutions.com,,+527 683012855,,,Web,,Open - Not Contacted,,120,2500000,,Lyon,,69001,France,,,,No,1,
Dr.,Anis,Bouazizi,ABouazizi Group SARL,CTO,anis.bouazizi@abouazizigroup.com,,+781 242447383,,https://www.abouazizigroup.com,,Banking,Open - Not Contacted,,,500000,4 High Street,Sousse,,,Tunisia,,,,,,Looking to replace aging equipment fleet.
Mr.,Sofia,Gutierrez,SGutierrez Partners S.C.,Owner,sofia.gutierrez@sgutierrezpartners.com,,+581 242376774,,https://www.sgutierrezpartners.com,Other,,Open - Not Contacted,,,10000000,246 Rue de la Paix,Monterrey,,64000,Mexico,,GC800 series,,,,
Dr.,Alexandre,Laurent,Laurent Consulting SAS,,alexandre.laurent@laurentconsulting.com,+858 993121196,+400 270749118,,https://www.laurentconsulting.com,,Electronics,Open - Not Contacted,,,,23 Church Road,Nantes,,44000,France,GC1020 series,Competitor Y200,,,,Referred by an existing customer.
Prof.,Meryem,Amrani,Amrani Systems SA,VP Marketing,meryem.amrani@amranisystems.com,,,,,Other,,Open - Not Contacted,,,1000000,,Marrakech,,40000,Morocco,,,,Yes,,
,Isabelle,Martin,Martin Systems SA,Buyer,isabelle.martin@martinsystems.com,,,,https://www.martinsystems.com,,Healthcare,Open - Not Contacted,,,1000000,,Dijon,,,France,GC5000 series,,,No,,
Mr.,Nancy,Jones,NJones Innovations Inc.,Sales Director,nancy.jones@njonesinnovations.com,,+468 167418250,,,Partner Referral,Healthcare,Open - Not Contacted,,120,,161 Commerce Blvd,Chicago,,60601,United States,GC1000 series,None,4705,No,5,
,Mathieu,Bertrand,MBertrand Partners SA,CEO,,+404 261603147,,,https://www.mbertrandpartners.com,Other,Communications,Open - Not Contacted,,,,117 Business Park Way,,,49000,France,,,,No,1,
,Valerie,David,VDavid International SARL,,,+518 974822857,,+173 125768498,,Other,,Open - Not Contacted,,,,175 High Street,Lyon,,69001,France,GC3000 series,,,No,1,
,Celine,Martin,CMartin Global SAS,,celine.martin@cmartinglobal.com,,+238 546493377,,,Purchased List,,Open - Not Contacted,,12,,,Dijon,,21000,France,,,,Yes,3,
Dr.,,Simon,Simon Systems SA,,contact@simonsystems.com,+526 980646239,+989 337518599,,,Web,Hospitality,Open - Not Contacted,,12,,,Toulouse,,31000,France,GC1020 series,,,No,,
Ms.,Nico,Steiner,Steiner Systems AG,CFO,nico.steiner@steinersystems.com,+451 615631183,,,,,,Open - Not Contacted,,,,,Zurich,,8001,Switzerland,GC1000 series,,,No,10,
Mr.,Jakub,Grabowski,Grabowski Partners Sp. z o.o.,Facilities Manager,jakub.grabowski@grabowskipartners.com,,,+918 671275566,https://www.grabowskipartners.com,,,Open - Not Contacted,,,,189 Zone Industrielle,Warsaw,,00-001,Poland,GC5000 series,,,,,
Ms.,Modou,Sarr,MSarr Technologies SARL,CFO,modou.sarr@msarrtechnologies.com,+236 310283548,+709 961799965,,https://www.msarrtechnologies.com,Web,Utilities,Working - Contacted,,12,,204 Rue Victor Hugo,Dakar,,,Senegal,GC3000 series,,,,1,
,Mathieu,Michel,MMichel Global SA,Managing Director,mathieu.michel@mmichelglobal.com,,,,,,,Open - Not Contacted,,,10000000,133 Station Road,,,38000,France,GC1020 series,,5230,,,
Mrs.,Isabelle,Martin,IMartin Services SA,,isabelle.martin@imartinservices.com,+136 396750195,+872 522624199,,,,,Open - Not Contacted,,,500000,231 Rue de la Paix,Strasbourg,,67000,France,,,,No,1,Looking to replace aging equipment fleet.
Mr.,Andrea,Bruno,Bruno Consulting S.p.A.,VP Sales,andrea.bruno@brunoconsulting.com,,+959 450946121,,https://www.brunoconsulting.com,Phone Inquiry,,Open - Not Contacted,,,250000,,Milan,,20121,Italy,GC1020 series,,,Yes,,Referred by an existing customer.
,Nathalie,Robert,Robert Energy SAS,Buyer,nathalie.robert@robertenergy.com,+404 947815498,,,,Phone Inquiry,Entertainment,Open - Not Contacted,,,,23 Avenue Foch,Lyon,,69001,France,,,,,,
Mr.,Claire,Simon,Simon Innovations SARL,Owner,claire.simon@simoninnovations.com,,,,https://www.simoninnovations.com,Partner Referral,Insurance,Open - Not Contacted,Cold,,,,Montpellier,,34000,France,GC1020 series,,,No,1,
Dr.,Celine,Robert,Robert Dynamics SAS,,celine.robert@robertdynamics.com,,,,https://www.robertdynamics.com,,,Open - Not Contacted,,,,221 Church Road,Reims,,51100,France,,,,No,,
Mr.,Aminata,Diop,ADiop Power SARL,Plant Manager,,,,,https://www.adioppower.com,,Engineering,Open - Not Contacted,Hot,,10000000,,Dakar,,10000,Senegal,GC1020 series,,,No,,
,Pierre,Dubois,PDubois Innovations SAS,,,,,,,Purchased List,Other,Open - Not Contacted,,,,,Marseille,,,France,GC1000 series,,,No,1,
,,Dubois,Dubois Solutions SA,VP Marketing,contact@duboissolutions.com,+54 617850353,,,https://www.duboissolutions.com,,,Open - Not Contacted,,,10000000,,Reims,,,France,GC5000 series,,6894,,20,
,Laurent,Dubois,Dubois Power SAS,Procurement Director,laurent.dubois@duboispower.com,+817 713216660,,,https://www.duboispower.com,,,Working - Contacted,Hot,,,,Reims,,51100,France,,,,,,
Dr.,Michel,Martin,MMartin Services SARL,Supply Chain Manager,michel.martin@mmartinservices.com,+539 667165857,,,,,Biotechnology,Open - Not Contacted,,,,116 Station Road,,,,France,GC3000 series,,,Yes,,
Dr.,Antoine,Bernard,Bernard Technologies SARL,VP Marketing,antoine.bernard@bernardtechnologies.com,+577 266634012,+241 126173422,,https://www.bernardtechnologies.com,Web,Recreation,Open - Not Contacted,,,5000000,175 Rue de la Paix,Toulouse,,31000,France,GC1020 series,GC1000 series (old model),,No,10,
,Harry,Evans,HEvans Holdings PLC,,harry.evans@hevansholdings.com,+319 964141437,+872 986325904,+198 417734634,https://www.hevansholdings.com,Partner Referral,,Open - Not Contacted,,,,,Manchester,,M1 1AE,United Kingdom,GC1020 series,,,No,,
,Freya,Williams,Williams Services PLC,President,,,+957 377856130,,,,Other,Open - Not Contacted,Warm,50,,61 Rue Victor Hugo,Bristol,,,United Kingdom,GC1020 series,,9148,,10,
,Alexandre,Durand,Durand Partners SARL,CEO,alexandre.durand@durandpartners.com,+12 823752049,+412 417081068,,https://www.durandpartners.com,Web,,Open - Not Contacted,Cold,,,,,,,France,GC5000 series,,,No,10,
Mrs.,,Laurent,Laurent Consulting SAS,,contact@laurentconsulting.com,+27 491669221,,,https://www.laurentconsulting.com,Web,,Open - Not Contacted,,,5000000,,Bordeaux,,33000,France,GC1020 series,,,No,,
Dr.,Louise,Jacobs,LJacobs Solutions SPRL,CEO,louise.jacobs@ljacobssolutions.com,,+255 245924244,,,Web,,Open - Not Contacted,,,,123 Zone Industrielle,,,,Belgium,GC1020 series,GC500 series,,Yes,1,Looking to replace aging equipment fleet.
,Maja,Pawlowski,Pawlowski International Sp. z o.o.,President,,+397 731770432,+84 425906873,,https://www.pawlowskiinternational.com,Purchased List,,Open - Not Contacted,,,,193 Avenue Foch,Krakow,,,Poland,,Competitor Y200,,Yes,,
Ms.,Camille,Bertrand,CBertrand Energy SA,Sales Director,,+489 610468741,,,https://www.cbertrandenergy.com,Phone Inquiry,,Open - Not Contacted,Hot,,,33 Bahnhofstrasse,Toulouse,,,France,GC3000 series,,,Yes,,
Dr.,Marie,Bernard,Bernard Logistics SA,,marie.bernard@bernardlogistics.com,,,,https://www.bernardlogistics.com,,,Open - Not Contacted,Hot,80,,110 Rua Augusta,Reims,,51100,France,GC3000 series,GC1000 series (old model),,,,
Mrs.,Miguel,Jimenez,MJimenez Logistics S.A.,,,+190 291074604,+690 268223505,,https://www.mjimenezlogistics.com,Phone Inquiry,,Open - Not Contacted,,,,,Bilbao,,,Spain,,,,,,Referred by an existing customer.
Mr.,Paula,Gutierrez,PGutierrez Enterprises S.A.,IT Director,paula.gutierrez@pgutierrezenterprises.com,,,,,Other,,Open - Not Contacted,,,1000000,,Barcelona,,08001,Spain,,,,No,1,
Prof.,,Boumediene,YBoumediene Innovations SPA,,contact@yboumedieneinnovations.com,+860 670503600,,,https://www.yboumedieneinnovations.com,Purchased List,Entertainment,Open - Not Contacted,,120,,204 Bahnhofstrasse,Oran,,,Algeria,GC5000 series,,,,,
Prof.,Nicolas,Girard,Girard Group SAS,CEO,nicolas.girard@girardgroup.com,,,,,,Finance,Open - Not Contacted,Warm,,,207 Boulevard Central,,,38000,France,GC5000 series,,,,,
,Valerie,Vincent,Vincent Partners SA,Supply Chain Manager,valerie.vincent@vincentpartners.com,,+25 552832536,,https://www.vincentpartners.com,,,Open - Not Contacted,Warm,5,500000,195 Business Park Way,Nice,,06000,France,,,,Yes,,
,Sophie,Laurent,Laurent Services SA,General Manager,sophie.laurent@laurentservices.com,+994 346285546,,,https://www.laurentservices.com,Web,Education,Open - Not Contacted,Cold,1000,,207 Hauptstrasse,Dijon,,21000,France,,,,No,,
,Susan,Williams,SWilliams Innovations Corp.,President,susan.williams@swilliamsinnovations.com,+162 358518659,,,https://www.swilliamsinnovations.com,Purchased List,Not For Profit,Open - Not Contacted,,,,102 Calle Mayor,Los Angeles,,,United States,GC3000 series,,,,,
Prof.,Qiang,Zhu,"QZhu Logistics Co., Ltd.",,,,,,https://www.qzhulogistics.com,,,Open - Not Contacted,Cold,1000,,188 Innovation Drive,,,200000,China,,,,Yes,,
Mrs.,Sandrine,Petit,SPetit Consulting SARL,VP Sales,sandrine.petit@spetitconsulting.com,+130 947683552,,,https://www.spetitconsulting.com,,,Open - Not Contacted,,,,,Lille,,59000,France,,,,,,
Mr.,Nathalie,Thomas,Thomas Corp SA,,,,,,,Web,,Open - Not Contacted,,,5000000,239 Bahnhofstrasse,Lyon,,69001,France,,,,,20,
,Nathalie,Martin,NMartin Partners SARL,General Manager,,,,,https://www.nmartinpartners.com,Partner Referral,Other,Open - Not Contacted,,80,,138 Park Lane,Dijon,,21000,France,,,,,,
,Thiago,Barbosa,TBarbosa Partners S.A.,CFO,,,,,https://www.tbarbosapartners.com,Phone Inquiry,Not For Profit,Closed - Converted,,12,,25 Hauptstrasse,Belo Horizonte,,30000-000,Brazil,GC3000 series,,,Yes,3,
Mr.,Laurent,Durand,Durand Power SA,IT Director,laurent.durand@durandpower.com,+602 371663283,+634 579198531,+807 461074556,,,Media,Open - Not Contacted,Cold,50,,228 Via Roma,,,,France,,,,,3,Requested a quote via website contact form.
Dr.,Lea,Mertens,Mertens Dynamics SPRL,,lea.mertens@mertensdynamics.com,+160 196228754,+770 377551168,,https://www.mertensdynamics.com,Purchased List,,Open - Not Contacted,,,,,Liege,,4000,Belgium,GC5000 series,,,No,1,
Mr.,Ines,Costa,ICosta Consulting S.A.,,,,,,,Other,,Open - Not Contacted,,,,188 Station Road,Porto,,4000-001,Portugal,,,,,,
Prof.,Aurelie,Durand,Durand Consulting SA,CEO,aurelie.durand@durandconsulting.com,+596 627434323,,,,,Education,Open - Not Contacted,,25,,,Nantes,,,France,GC1020 series,Competitor Y200,,Yes,20,
Mrs.,Celine,Martin,CMartin Innovations SAS,General Manager,celine.martin@cmartininnovations.com,+778 535041333,,,,Purchased List,,Open - Not Contacted,,,5000000,187 Avenue Foch,Paris,,75001,France,GC1020 series,,,,5,Expressed interest during cold call.
Dr.,Giovanni,Rizzo,GRizzo International S.r.l.,,giovanni.rizzo@grizzointernational.com,+50 737076822,,,https://www.grizzointernational.com,Purchased List,Agriculture,Open - Not Contacted,,,120000,43 Avenue Foch,Florence,,50121,Italy,GC5000 series,,,No,2,Downloaded product catalog from website.
Prof.,Olivia,Mertens,Mertens Global SA,,olivia.mertens@mertensglobal.com,,+225 871174364,,https://www.mertensglobal.com,,,Open - Not Contacted,Warm,12,,213 Church Road,Bruges,,,Belgium,GC3000 series,In-house legacy unit,,,,
Dr.,Laurent,Thomas,LThomas Logistics SA,,laurent.thomas@lthomaslogistics.com,+230 646433865,+676 565139902,,,Other,Construction,Open - Not Contacted,,2500,,156 Boulevard Central,Reims,,51100,France,GC5000 series,,,Yes,,Follow up after product demo webinar.
Prof.,Nicolas,Bertrand,NBertrand Holdings SARL,VP Sales,nicolas.bertrand@nbertrandholdings.com,+7 612437182,,,https://www.nbertrandholdings.com,Purchased List,Entertainment,Open - Not Contacted,,120,,42 High Street,Grenoble,,,France,,,,No,,
,Olivia,De Smet,ODe Smet Corp SA,,olivia.desmet@odesmetcorp.com,+144 668245146,+905 424853291,,https://www.odesmetcorp.com,Partner Referral,,Open - Not Contacted,,,,126 Boulevard Central,Ghent,,9000,Belgium,GC1020 series,,,,,Requested a quote via website contact form.
Dr.,Valerie,Moreau,VMoreau Services SARL,,valerie.moreau@vmoreauservices.com,+236 155635936,+490 898594090,,,,Telecommunications,Open - Not Contacted,Warm,,2500000,70 Boulevard Central,Rennes,,35000,France,GC5000 series,,,No,,
Prof.,Pierre,Lefebvre,PLefebvre Industries SA,,,+213 581697108,+229 235829274,,https://www.plefebvreindustries.com,Purchased List,,Open - Not Contacted,,2500,,,Dijon,,21000,France,GC5000 series,,,,,
Dr.,,Klein,Klein Group AG,,contact@kleingroup.com,+23 479742280,,,https://www.kleingroup.com,Partner Referral,Telecommunications,Open - Not Contacted,,80,1000000,249 Commerce Blvd,Cologne,,50667,Germany,GC1020 series,,,No,1,
Dr.,Lara,Schmid,LSchmid Technologies AG,,lara.schmid@lschmidtechnologies.com,,,,,Other,,Open - Not Contacted,Warm,,250000,,Bern,,3011,Switzerland,,,,Yes,,
Ms.,Antoine,Bertrand,Bertrand Logistics SAS,Managing Director,,+318 924326307,+961 234122210,,https://www.bertrandlogistics.com,Phone Inquiry,,Closed - Not Converted,,,,14 High Street,,,13001,France,,Other Corp X100,,Yes,,
Mr.,Louise,Goossens,LGoossens Energy SPRL,,louise.goossens@lgoossensenergy.com,,,,,Web,Energy,Open - Not Contacted,Warm,,,198 Via Roma,Brussels,,1000,Belgium,GC1020 series,,,No,3,
Mrs.,Sonia,Belhaj,SBelhaj Global SA,,sonia.belhaj@sbelhajglobal.com,+921 370964805,,,https://www.sbelhajglobal.com,Phone Inquiry,,Open - Not Contacted,,,,77 High Street,Tunis,,1000,Tunisia,,,,No,10,
,,Brouwer,TBrouwer Industries B.V.,CEO,contact@tbrouwerindustries.com,+509 923381785,,,,Purchased List,Transportation,Open - Not Contacted,,500,,,,,2511,Netherlands,,,,No,,
,William,Jones,WJones Global Corp.,VP Sales,william.jones@wjonesglobal.com,+425 770665302,+814 264069715,,https://www.wjonesglobal.com,,Other,Open - Not Contacted,,,,,Los Angeles,,90001,United States,GC1020 series,,,No,,Attended regional partner event.
Prof.,Michel,Petit,Petit Partners SA,CEO,michel.petit@petitpartners.com,,,,,Phone Inquiry,Agriculture,Open - Not Contacted,,,,,Paris,,75001,France,GC3000 series,,4794,,1,
Mr.,Alexandre,Garcia,AGarcia Holdings SAS,,alexandre.garcia@agarciaholdings.com,,,,https://www.agarciaholdings.com,Purchased List,,Open - Not Contacted,,,,,Strasbourg,,67000,France,,,7496,,,Expressed interest during cold call.
Prof.,,Janssen,MJanssen Industries N.V.,Plant Manager,,+428 551516670,+594 956073515,,https://www.mjanssenindustries.com,,,Open - Not Contacted,Hot,,,,Utrecht,,3511,Netherlands,,None,,,1,Inbound inquiry about maintenance contracts.
Dr.,Finn,Fischer,Fischer Global GmbH,Facilities Manager,finn.fischer@fischerglobal.com,,,,,,,Open - Not Contacted,Hot,25,,,Hamburg,,20095,Germany,,GC500 series,,,,"Existing customer, expansion opportunity."
,Laurent,Simon,LSimon Enterprises SA,Head of Procurement,,,,,https://www.lsimonenterprises.com,Other,Media,Working - Contacted,Warm,25,,147 Calle Mayor,Reims,,51100,France,,,,,20,
Mr.,Robert,Davis,RDavis Dynamics Corp.,,robert.davis@rdavisdynamics.com,+531 935319707,,,https://www.rdavisdynamics.com,,,Open - Not Contacted,,2500,50000,,Philadelphia,,19101,United States,GC5000 series,,,,1,Follow up after product demo webinar.
Mrs.,,Moreau,Moreau Global SARL,Purchasing Manager,contact@moreauglobal.com,+206 343679724,,,,,Telecommunications,Open - Not Contacted,,50,5000000,16 Via Roma,Lille,,59000,France,,,,,,
Dr.,,Roux,Roux Corp SA,Plant Manager,contact@rouxcorp.com,+608 485493715,,,https://www.rouxcorp.com,,Construction,Open - Not Contacted,Warm,25,,,Nice,,06000,France,GC1000 series,,4646,No,,
,,Huang,"HHuang Consulting Co., Ltd.",CTO,contact@hhuangconsulting.com,+145 222087330,+615 880626900,,,Web,,Open - Not Contacted,Hot,,500000,83 Industrial Ave,Beijing,,100000,China,GC1000 series,,,,,
Mrs.,Elena,Moretti,EMoretti Group S.r.l.,,,,,,,Other,,Open - Not Contacted,,,,,Florence,,,Italy,GC1020 series,,,No,,
Ms.,,Chopra,Chopra Services Pvt. Ltd.,VP Sales,contact@chopraservices.com,+162 271786427,,,https://www.chopraservices.com,Web,Recreation,Open - Not Contacted,Hot,2500,,88 Rua Augusta,Chennai,,600001,India,,,4153,No,1,
Ms.,Harry,Lewis,Lewis Innovations PLC,,harry.lewis@lewisinnovations.com,+575 125397719,,,,Other,Banking,Open - Not Contacted,,,,139 Commerce Blvd,Manchester,,M1 1AE,United Kingdom,,,,No,,Attended regional partner event.
,Sandrine,Thomas,SThomas Corp SAS,IT Director,,,+323 269718067,,,Purchased List,Not For Profit,Open - Not Contacted,Cold,5,,26 Commerce Blvd,Angers,,49000,France,,GC800 series,6794,,,
Mrs.,,Bertrand,Bertrand Global SARL,VP Sales,contact@bertrandglobal.com,+463 327217782,,,https://www.bertrandglobal.com,Web,Telecommunications,Open - Not Contacted,,,,,Paris,,75001,France,,,,No,,
,Giovanni,Gallo,Gallo Solutions S.p.A.,,,+617 281219864,+717 459449823,,,,Entertainment,Open - Not Contacted,,,,,Rome,,,Italy,,,,Yes,,
,Robert,Taylor,RTaylor Energy Inc.,President,,+550 332083803,+533 825601471,,,Other,Biotechnology,Open - Not Contacted,Warm,,10000000,,Phoenix,,,United States,,Other Corp X100,,Yes,,"Existing customer, expansion opportunity."
Ms.,Sandrine,Simon,Simon Corp SAS,Head of Procurement,sandrine.simon@simoncorp.com,,+254 845837349,,,Web,Telecommunications,Open - Not Contacted,Warm,,,239 High Street,Angers,,49000,France,GC1020 series,,,,,
,,Anderson,Anderson Group Ltd.,Head of Procurement,contact@andersongroup.com,+6 535189235,+97 971551388,,https://www.andersongroup.com,Phone Inquiry,Finance,Open - Not Contacted,,,,,Calgary,,T2P 1J9,Canada,GC5000 series,GC800 series,4546,No,,Attended regional partner event.
Dr.,Claire,David,CDavid Systems SARL,,claire.david@cdavidsystems.com,,,+197 378312821,,Other,,Open - Not Contacted,,,,,Nantes,,,France,GC1000 series,,,No,,
Ms.,Camille,Leroy,Leroy Dynamics SA,CTO,camille.leroy@leroydynamics.com,,,,https://www.leroydynamics.com,Partner Referral,,Open - Not Contacted,,,120000,,Angers,,49000,France,,GC500 series,,,,
,Julien,Bertrand,JBertrand Holdings SA,VP Marketing,julien.bertrand@jbertrandholdings.com,+699 572750122,+800 443999405,,,,Construction,Open - Not Contacted,,,,,Grenoble,,38000,France,GC1020 series,GC1000 series (old model),,,,
Prof.,Salma,Al Shamsi,SAl Shamsi Partners LLC,Supply Chain Manager,salma.alshamsi@salshamsipartners.com,+519 786131167,+914 253933035,,https://www.salshamsipartners.com,Web,Education,Working - Contacted,,500,,,Dubai,,,United Arab Emirates,,,2287,Yes,10,Downloaded product catalog from website.
,Camille,Girard,CGirard Logistics SARL,Head of Procurement,camille.girard@cgirardlogistics.com,+64 774283943,+425 737134697,,https://www.cgirardlogistics.com,,Food & Beverage,Open - Not Contacted,Cold,,,,Dijon,,21000,France,GC1000 series,,,,,Attended regional partner event.
Prof.,Wassim,Ben Salah,Ben Salah Group SARL,CTO,,,,,https://www.bensalahgroup.com,,,Working - Contacted,,,,148 Avenue Foch,Sfax,,3000,Tunisia,,GC800 series,8347,,5,
,Mathieu,Michel,Michel Systems SAS,COO,mathieu.michel@michelsystems.com,+792 999353132,,,https://www.michelsystems.com,Purchased List,Apparel,Open - Not Contacted,,1000,,177 Zone Industrielle,Reims,,,France,,,,No,,
Mrs.,Alexandre,Thomas,AThomas Group SA,,,+112 595989974,,,https://www.athomasgroup.com,,,Open - Not Contacted,,50,,214 Calle Mayor,Reims,,51100,France,,,,Yes,,
Ms.,,Dubois,Dubois Holdings SAS,CEO,contact@duboisholdings.com,+562 823061775,+688 794672838,,https://www.duboisholdings.com,Purchased List,,Open - Not Contacted,,,5000000,,Dijon,,,France,,,,,10,Referred by an existing customer.
Dr.,Aurelie,Simon,Simon Enterprises SAS,Head of Procurement,aurelie.simon@simonenterprises.com,+788 241900887,,+334 619792433,,,,Working - Contacted,,,2500000,26 Church Road,Rennes,,,France,,,,Yes,,
,Felix,Neumann,FNeumann Solutions AG,Purchasing Manager,felix.neumann@fneumannsolutions.com,+284 952835559,,,https://www.fneumannsolutions.com,Web,Construction,Open - Not Contacted,,,,,Frankfurt,,60311,Germany,,,1475,Yes,1,Expressed interest during cold call.
Mr.,Xia,Chen,"XChen Energy Co., Ltd.",Operations Manager,xia.chen@xchenenergy.com,+352 188726359,+418 432897636,,https://www.xchenenergy.com,Other,Chemicals,Open - Not Contacted,,250,1000000,,Shanghai,,200000,China,,,,,,
Mrs.,Jacob,Lewis,JLewis Services PLC,Head of Procurement,jacob.lewis@jlewisservices.com,+816 183579795,,,,Phone Inquiry,,Open - Not Contacted,,,,,Bristol,,,United Kingdom,,,,,,Follow up after product demo webinar.
Mrs.,Jose,Goncalves,Goncalves Innovations S.A.,,jose.goncalves@goncalvesinnovations.com,+776 991229215,,,https://www.goncalvesinnovations.com,Purchased List,,Open - Not Contacted,,,,,Porto,,4000-001,Portugal,GC3000 series,,,No,5,
Dr.,Claire,Fournier,Fournier Logistics SARL,,claire.fournier@fournierlogistics.com,+352 821865330,,,,Partner Referral,Retail,Open - Not Contacted,,2500,,245 Park Lane,Lille,,59000,France,,,,Yes,,
Dr.,Bram,Janssen,BJanssen Services B.V.,Buyer,bram.janssen@bjanssenservices.com,+802 420443308,,,https://www.bjanssenservices.com,Partner Referral,Transportation,Open - Not Contacted,,250,,,,,,Netherlands,,,,Yes,,
Ms.,Laurent,Vincent,Vincent Dynamics SA,,,+135 457421735,,+517 613647117,https://www.vincentdynamics.com,,,Open - Not Contacted,,,,208 Main Street,Lyon,,69001,France,,,,No,2,
Mr.,Francesco,Romano,Romano Industries S.p.A.,Managing Director,francesco.romano@romanoindustries.com,,+273 199298044,,,Other,,Open - Not Contacted,,,,87 Business Park Way,Turin,,10121,Italy,,,,,,
Prof.,Julia,Graf,Graf Solutions GmbH,Sales Director,julia.graf@grafsolutions.com,,+113 269647037,,,Phone Inquiry,,Working - Contacted,,,,,Geneva,,1201,Switzerland,GC1000 series,,,,,
Mr.,Michel,Leroy,MLeroy Dynamics SA,Operations Manager,michel.leroy@mleroydynamics.com,+200 863481505,,,,Partner Referral,Other,Open - Not Contacted,,,1000000,191 High Street,,,51100,France,GC1000 series,,,Yes,,
Dr.,Camille,Roux,Roux Enterprises SAS,Sales Director,camille.roux@rouxenterprises.com,+54 460794986,,,https://www.rouxenterprises.com,Partner Referral,Hospitality,Open - Not Contacted,,500,,,Nice,,06000,France,GC1020 series,,,No,,Inbound inquiry about maintenance contracts.
,Laurent,Moreau,Moreau Systems SA,Plant Manager,laurent.moreau@moreausystems.com,,,,https://www.moreausystems.com,,,Open - Not Contacted,,120,,,Strasbourg,,,France,GC3000 series,GC1000 series (old model),,,,
Mr.,Thomas,Thomas,Thomas Technologies SAS,,thomas.thomas@thomastechnologies.com,,,,https://www.thomastechnologies.com,Web,,Open - Not Contacted,,,120000,,Angers,,,France,,,,,,Attended regional partner event.
Ms.,Sandrine,Dubois,SDubois Dynamics SARL,Buyer,sandrine.dubois@sduboisdynamics.com,+605 178872075,+687 435795744,,,,,Open - Not Contacted,,250,,14 Commerce Blvd,,,,France,,None,4566,,,Requested a quote via website contact form.
Prof.,Emilia,Hoffmann,EHoffmann Group GmbH,,emilia.hoffmann@ehoffmanngroup.com,+511 910771825,,,https://www.ehoffmanngroup.com,Purchased List,Communications,Open - Not Contacted,,1000,,38 Avenue Foch,Cologne,,50667,Germany,,,,Yes,10,
Prof.,Laurent,Dubois,LDubois Logistics SA,Operations Manager,laurent.dubois@lduboislogistics.com,+572 970083672,,,https://www.lduboislogistics.com,Purchased List,,Working - Contacted,,,,52 Commerce Blvd,Dijon,,21000,France,,,,No,,
,Sofia,Zimmermann,SZimmermann Group GmbH,CFO,sofia.zimmermann@szimmermanngroup.com,+788 914512474,,,,Web,Food & Beverage,Open - Not Contacted,,250,,62 Rue Victor Hugo,Hamburg,,20095,Germany,GC1020 series,,,No,,
Mrs.,Sandrine,Durand,Durand Energy SARL,,sandrine.durand@durandenergy.com,,+195 557853595,,https://www.durandenergy.com,Partner Referral,Electronics,Open - Not Contacted,,,500000,,Rennes,,35000,France,GC1020 series,,,No,,
Dr.,Sophie,Dubois,SDubois Solutions SA,Facilities Manager,sophie.dubois@sduboissolutions.com,,,,,Purchased List,,Open - Not Contacted,,12,,,Rennes,,,France,,,,,3,"Met at trade show, interested in bulk pricing."
Ms.,Claire,Roux,Roux Holdings SA,Head of Procurement,claire.roux@rouxholdings.com,,,,,Purchased List,Utilities,Open - Not Contacted,,500,50000,216 Zone Industrielle,Strasbourg,,,France,,GC500 series,,Yes,,
Prof.,Pierre,Durand,PDurand International SARL,President,pierre.durand@pdurandinternational.com,,,,,Partner Referral,,Open - Not Contacted,Warm,5,,,,,35000,France,,,,Yes,,
Ms.,Valentina,Romano,Romano Energy S.p.A.,IT Director,valentina.romano@romanoenergy.com,,+102 629120731,,https://www.romanoenergy.com,Web,Food & Beverage,Closed - Converted,,1000,,,Turin,,10121,Italy,,GC500 series,,Yes,,
,Pierre,Simon,Simon Power SAS,,pierre.simon@simonpower.com,+34 633584929,,,,Other,,Open - Not Contacted,Hot,,,,Rennes,,,France,,None,,,1,
Dr.,Julien,Simon,JSimon Partners SA,COO,julien.simon@jsimonpartners.com,,+634 225242647,,,,,Open - Not Contacted,Warm,25,,12 Business Park Way,Dijon,,,France,,GC1000 series (old model),,,,
Dr.,Nicolas,Simon,Simon International SARL,Facilities Manager,nicolas.simon@simoninternational.com,,,,https://www.simoninternational.com,Purchased List,,Open - Not Contacted,,,120000,,,,44000,France,GC1000 series,,,Yes,,
,Anna,Schroder,ASchroder Energy GmbH,Managing Director,anna.schroder@aschroderenergy.com,+368 650644896,,,,Other,,Open - Not Contacted,Warm,,,11 Bahnhofstrasse,Cologne,,50667,Germany,GC1000 series,,,No,,Follow up after product demo webinar.
,James,Wright,Wright Group Ltd.,Buyer,james.wright@wrightgroup.com,,,,https://www.wrightgroup.com,Purchased List,Government,Open - Not Contacted,Cold,120,,,Edinburgh,,EH1 1AA,United Kingdom,GC3000 series,,,Yes,,
,Emma,Dekker,Dekker Partners B.V.,COO,emma.dekker@dekkerpartners.com,,,,,,Telecommunications,Open - Not Contacted,,,,120 Hauptstrasse,,,3511,Netherlands,,GC1000 series (old model),,,,
,Isabelle,Martin,Martin Holdings SAS,Facilities Manager,isabelle.martin@martinholdings.com,+246 469745642,+53 589356649,+889 851456118,,Purchased List,,Open - Not Contacted,,,,234 Via Roma,Strasbourg,,,France,,,,,,
Ms.,Mathieu,Thomas,Thomas Energy SAS,IT Director,mathieu.thomas@thomasenergy.com,+453 863638216,+267 678905447,,,Partner Referral,Communications,Open - Not Contacted,,,,98 Rue Victor Hugo,Grenoble,,38000,France,GC3000 series,,4248,,1,
Prof.,Sophie,Laurent,Laurent Systems SA,Operations Manager,sophie.laurent@laurentsystems.com,+909 192686518,,,https://www.laurentsystems.com,Web,Media,Open - Not Contacted,,,2500000,,Montpellier,,34000,France,GC5000 series,GC800 series,,Yes,,
,Julien,Thomas,JThomas Corp SA,Operations Manager,julien.thomas@jthomascorp.com,,,,https://www.jthomascorp.com,,,Open - Not Contacted,Hot,,10000000,236 Hauptstrasse,Lyon,,69001,France,,,,,,"Existing customer, expansion opportunity."
,John,Davis,Davis Services Inc.,,john.davis@davisservices.com,+674 134072553,,,,Purchased List,,Open - Not Contacted,Hot,,,194 High Street,Dallas,,75201,United States,,,4803,,,
,Antoine,Garcia,Garcia Group SAS,,antoine.garcia@garciagroup.com,+384 471557118,+248 456552177,+938 263655030,https://www.garciagroup.com,Phone Inquiry,Apparel,Open - Not Contacted,,,,,Lille,,59000,France,,,,Yes,,
Ms.,Celine,Durand,Durand Logistics SARL,Operations Manager,celine.durand@durandlogistics.com,,,,,,,Open - Not Contacted,,,,,Dijon,,21000,France,,,,Yes,,Referred by an existing customer.
Dr.,Valerie,Durand,VDurand Corp SARL,,valerie.durand@vdurandcorp.com,,,,,Purchased List,Machinery,Open - Not Contacted,Warm,120,,36 Avenue Foch,Angers,,,France,GC3000 series,Competitor Y200,,No,,
Mrs.,Sara,Ferrari,SFerrari Global S.r.l.,Facilities Manager,sara.ferrari@sferrariglobal.com,,,,https://www.sferrariglobal.com,Partner Referral,Communications,Open - Not Contacted,,,,,Rome,,00100,Italy,GC1000 series,,,No,,
Prof.,Anna,Schroder,Schroder Services AG,,anna.schroder@schroderservices.com,,,+534 585825317,,Other,Manufacturing,Open - Not Contacted,Hot,5,,,Dusseldorf,,40213,Germany,GC1000 series,,,,,Expressed interest during cold call.
Dr.,,Al Qasimi,TAl Qasimi International LLC,Plant Manager,contact@talqasimiinternational.com,+391 395031405,+429 648814484,+407 691020593,,Web,Technology,Open - Not Contacted,,25,,226 Calle Mayor,Abu Dhabi,,,United Arab Emirates,GC1020 series,Other Corp X100,,Yes,3,
Mr.,Ana,Ribeiro,ARibeiro Systems S.A.,Buyer,ana.ribeiro@aribeirosystems.com,+1 432808207,,,,Partner Referral,,Open - Not Contacted,Cold,12,,199 Rua Augusta,Belo Horizonte,,30000-000,Brazil,GC3000 series,,,,,
Prof.,,Hu,"Hu Systems Co., Ltd.",Facilities Manager,,,,,,,,Closed - Converted,,,,201 Station Road,Shenzhen,,518000,China,,Competitor Y200,1348,,,
Mrs.,Nicolas,Petit,Petit Consulting SAS,IT Director,nicolas.petit@petitconsulting.com,,,,,Phone Inquiry,Healthcare,Open - Not Contacted,Warm,,,,Lyon,,69001,France,GC1000 series,,,,,
Mrs.,Matteo,Widmer,MWidmer International GmbH,Buyer,matteo.widmer@mwidmerinternational.com,+249 640989625,,,https://www.mwidmerinternational.com,Purchased List,Media,Open - Not Contacted,,,,202 Hauptstrasse,Lausanne,,,Switzerland,,,,,,
Mrs.,Sandrine,Vincent,SVincent Innovations SA,Supply Chain Manager,sandrine.vincent@svincentinnovations.com,+550 930980794,,,,Web,Banking,Open - Not Contacted,Hot,,10000000,,Lyon,,69001,France,,,,No,,
Mrs.,Axel,Lindgren,Lindgren Energy AB,Buyer,axel.lindgren@lindgrenenergy.com,,+279 186447121,,https://www.lindgrenenergy.com,,,Open - Not Contacted,,,,206 Rue de la Paix,Stockholm,,111 21,Sweden,GC5000 series,,9128,Yes,1,
Mrs.,Francesco,Gallo,Gallo Innovations S.r.l.,CFO,francesco.gallo@galloinnovations.com,+712 861157834,+409 463240727,+257 228318112,https://www.galloinnovations.com,,Chemicals,Open - Not Contacted,,500,1000000,5 Business Park Way,Milan,,20121,Italy,,,1183,,5,
Dr.,Valerie,Dubois,Dubois Logistics SARL,Operations Manager,,,,,,Web,Entertainment,Open - Not Contacted,Hot,25,5000000,226 Park Lane,Grenoble,,,France,GC5000 series,,,Yes,20,Looking to replace aging equipment fleet.
Mr.,James,Smith,Smith Services Ltd.,Purchasing Manager,,+862 617844402,+550 616299062,,,Partner Referral,Manufacturing,Open - Not Contacted,,25,250000,,Galway,,H91 X8PX,Ireland,GC5000 series,,,Yes,,Follow up after product demo webinar.
,Marie,Girard,Girard Systems SARL,Facilities Manager,marie.girard@girardsystems.com,+680 790523708,+172 641370393,,https://www.girardsystems.com,Web,,Open - Not Contacted,,,50000,,Dijon,,,France,GC5000 series,,,,,Expressed interest during cold call.
Prof.,Walid,Bouazizi,WBouazizi Partners SARL,VP Sales,,+463 582262247,,,https://www.wbouazizipartners.com,,Shipping,Open - Not Contacted,,,,,Tunis,,,Tunisia,,,2042,Yes,,Inbound inquiry about maintenance contracts.
Mr.,Tao,Yang,"Yang Technologies Co., Ltd.",Sales Director,tao.yang@yangtechnologies.com,+3 542965597,,,https://www.yangtechnologies.com,,Electronics,Open - Not Contacted,,250,1000000,,Beijing,,100000,China,GC5000 series,,,Yes,,Follow up after product demo webinar.
Mr.,Thomas,Simon,Simon Global SAS,Head of Procurement,thomas.simon@simonglobal.com,+326 226940639,,,https://www.simonglobal.com,Web,Shipping,Working - Contacted,,,,40 High Street,Montpellier,,34000,France,,,,No,,
,Leon,Muller,LMuller Innovations GmbH,General Manager,leon.muller@lmullerinnovations.com,+46 530141148,,+624 452024344,,,Media,Open - Not Contacted,,,,167 Rue Victor Hugo,,,,Switzerland,,,,,,
Mr.,,Petit,Petit Enterprises SA,Plant Manager,contact@petitenterprises.com,+551 423032659,,,,Other,,Closed - Converted,Hot,,,,Lyon,,69001,France,GC5000 series,,,,,
Mr.,Sophie,Petit,SPetit Group SARL,Plant Manager,sophie.petit@spetitgroup.com,+490 352335811,,,https://www.spetitgroup.com,,Agriculture,Open - Not Contacted,Cold,,,128 Commerce Blvd,Montpellier,,34000,France,,,,,,
,Camille,Dubois,CDubois Systems SAS,CFO,,+883 482332254,+723 867422715,,,,Chemicals,Open - Not Contacted,,,,,Nice,,06000,France,,None,,Yes,1,Requested a quote via website contact form.
Mr.,Sophie,Durand,Durand Global SAS,COO,sophie.durand@durandglobal.com,+791 928721927,,,,Web,,Open - Not Contacted,,5,,,Dijon,,21000,France,GC5000 series,,,Yes,2,
Mr.,Yun,Chen,"YChen Global Co., Ltd.",Supply Chain Manager,yun.chen@ychenglobal.com,+552 921216291,+551 244850736,,,,Other,Open - Not Contacted,Hot,,250000,185 Boulevard Central,Guangzhou,,,China,GC3000 series,,,Yes,,
Mrs.,Beatriz,Alves,BAlves Power Lda.,,beatriz.alves@balvespower.com,+412 672744663,,,https://www.balvespower.com,Purchased List,,Open - Not Contacted,,,,92 Via Roma,Lisbon,,1000-001,Portugal,,,,,,Downloaded product catalog from website.
Ms.,Lotte,De Groot,LDe Groot Group B.V.,VP Sales,lotte.degroot@ldegrootgroup.com,,,,https://www.ldegrootgroup.com,Other,Utilities,Open - Not Contacted,,500,1000000,,The Hague,,,Netherlands,GC5000 series,,9103,Yes,,
Mrs.,Nathalie,Dubois,Dubois Industries SARL,Owner,nathalie.dubois@duboisindustries.com,+307 277243601,,,https://www.duboisindustries.com,,,Open - Not Contacted,,,,,Nice,,06000,France,,,,,,
,Chiara,Moretti,CMoretti Innovations S.p.A.,CTO,chiara.moretti@cmorettiinnovations.com,,+225 195733862,,https://www.cmorettiinnovations.com,Phone Inquiry,Manufacturing,Working - Contacted,,,,19 Station Road,Rome,,00100,Italy,GC5000 series,,,Yes,3,Looking to replace aging equipment fleet.
Prof.,Aurelie,Fournier,AFournier Enterprises SARL,Facilities Manager,aurelie.fournier@afournierenterprises.com,,,+398 540123918,https://www.afournierenterprises.com,,,Working - Contacted,,,,,Reims,,51100,France,,,4699,No,,
Dr.,Camille,Michel,Michel Partners SARL,,camille.michel@michelpartners.com,+569 746006451,,,https://www.michelpartners.com,Other,Consulting,Open - Not Contacted,,25,,171 High Street,Montpellier,,34000,France,GC1000 series,,,No,10,
,Eva,Van den Berg,Van den Berg Industries N.V.,VP Marketing,eva.vandenberg@vandenbergindustries.com,+371 462452316,+815 165531931,+983 238225447,,Partner Referral,,Open - Not Contacted,,5,,,Eindhoven,,5611,Netherlands,GC3000 series,,,Yes,,Requested a quote via website contact form.
Ms.,James,O'Neill,O'Neill Dynamics Ltd.,,james.oneill@oneilldynamics.com,+29 357750842,+798 237385806,,,,,Open - Not Contacted,,,,,Cork,,,Ireland,,,,,,
Mrs.,Ben,Schmidt,BSchmidt Energy AG,,ben.schmidt@bschmidtenergy.com,,+789 497614538,,,Purchased List,Banking,Open - Not Contacted,,1000,,188 Bahnhofstrasse,,,,Germany,,None,,Yes,,
Mrs.,Maja,Nowakowski,Nowakowski Logistics S.A.,,maja.nowakowski@nowakowskilogistics.com,+380 846353477,,,,Web,Healthcare,Open - Not Contacted,Warm,5,,,,,,Poland,,,6598,No,,
,Sarah,Taylor,Taylor Systems Corp.,,sarah.taylor@taylorsystems.com,,,+827 746504617,,Other,,Open - Not Contacted,,,,41 Innovation Drive,Austin,,73301,United States,GC1000 series,GC1000 series (old model),1753,No,,"Met at trade show, interested in bulk pricing."
Ms.,Sophie,Bertrand,Bertrand Logistics SARL,CFO,,,,,https://www.bertrandlogistics.com,Phone Inquiry,Entertainment,Open - Not Contacted,,2500,,231 Avenue Foch,Nice,,,France,,,3415,,,
Mr.,Ava,Brown,ABrown Technologies Ltd.,VP Sales,,+2 780067590,,,,Purchased List,,Open - Not Contacted,,,,66 Calle Mayor,Manchester,,,United Kingdom,GC1020 series,,1116,,1,
Prof.,Mathieu,Petit,MPetit Systems SA,Facilities Manager,mathieu.petit@mpetitsystems.com,+465 733745896,+354 791909431,,,,,Open - Not Contacted,,,,56 Park Lane,Grenoble,,,France,,,,,,
Ms.,Camille,Claes,CClaes Holdings SA,Managing Director,camille.claes@cclaesholdings.com,+53 524771325,+288 666112969,,,Web,Machinery,Open - Not Contacted,Warm,,250000,,Ghent,,9000,Belgium,GC1000 series,,,No,,
Dr.,Alexandre,Petit,Petit Industries SARL,,,+86 857759988,,,,Other,,Open - Not Contacted,,50,,,,,33000,France,GC3000 series,,,,,
Ms.,Mathieu,Bertrand,Bertrand Corp SARL,COO,,,,,https://www.bertrandcorp.com,,,Open - Not Contacted,,,,,Dijon,,21000,France,GC5000 series,,,No,,
Prof.,Oliwia,Mazur,OMazur Dynamics Sp. z o.o.,Facilities Manager,oliwia.mazur@omazurdynamics.com,+347 427982209,,,https://www.omazurdynamics.com,Phone Inquiry,,Open - Not Contacted,Cold,50,,,Warsaw,,00-001,Poland,GC3000 series,,,No,,"Existing customer, expansion opportunity."
Ms.,Camille,Michel,Michel Dynamics SAS,,camille.michel@micheldynamics.com,+358 133850475,,,,,,Open - Not Contacted,Warm,,120000,237 Rue de la Paix,Montpellier,,,France,,,,,5,
Mr.,Lucas,Morin,LMorin Logistics Inc.,,lucas.morin@lmorinlogistics.com,,,,,Web,Technology,Open - Not Contacted,,,,,Vancouver,,V6B 1A1,Canada,,,,,,"Existing customer, expansion opportunity."
Mr.,Emma,Brouwer,EBrouwer Consulting N.V.,CFO,,+420 591051682,,,,Web,Machinery,Open - Not Contacted,,,2500000,81 Main Street,The Hague,,2511,Netherlands,,,,Yes,,
Prof.,Cian,O'Sullivan,CO'Sullivan International Ltd.,General Manager,cian.osullivan@cosullivaninternational.com,+306 645128164,,,https://www.cosullivaninternational.com,Partner Referral,,Open - Not Contacted,,,,156 Industrial Ave,Galway,,,Ireland,GC1020 series,,,No,,
,John,Martinez,Martinez Holdings LLC,Facilities Manager,john.martinez@martinezholdings.com,,,,,Phone Inquiry,,Open - Not Contacted,,,50000,,New York,,10001,United States,GC5000 series,,,Yes,10,
Prof.,Julien,Michel,Michel Enterprises SARL,VP Sales,julien.michel@michelenterprises.com,+826 511523124,+841 577864121,,https://www.michelenterprises.com,Phone Inquiry,,Open - Not Contacted,,,,,Lyon,,69001,France,GC5000 series,,,Yes,,Downloaded product catalog from website.
Mrs.,Charlotte,Taylor,CTaylor Global PLC,Managing Director,,+904 369042204,+79 996366021,,https://www.ctaylorglobal.com,Other,,Open - Not Contacted,,,,123 Calle Mayor,Manchester,,M1 1AE,United Kingdom,,GC500 series,,,1,
Prof.,Jose,Sanchez,JSanchez Dynamics S.A.,Operations Manager,jose.sanchez@jsanchezdynamics.com,+252 572298460,,,https://www.jsanchezdynamics.com,,Healthcare,Open - Not Contacted,Warm,,50000,6 Avenue Foch,Malaga,,29001,Spain,,,,No,,
Dr.,Liam,O'Connor,LO'Connor Industries Ltd.,CEO,liam.oconnor@loconnorindustries.com,+795 891828859,,,https://www.loconnorindustries.com,,Healthcare,Open - Not Contacted,,25,,,Galway,,,Ireland,GC1000 series,,,,1,
Mr.,Oliwia,Wozniak,Wozniak Global Sp. z o.o.,Procurement Director,oliwia.wozniak@wozniakglobal.com,,,,,,,Open - Not Contacted,,,,,Wroclaw,,50-001,Poland,,,,,,
,Matteo,Giordano,Giordano Global S.r.l.,Head of Procurement,matteo.giordano@giordanoglobal.com,,+384 849810955,,https://www.giordanoglobal.com,Phone Inquiry,,Open - Not Contacted,,,,165 Avenue Foch,Milan,,,Italy,,,6427,Yes,,
Dr.,Aurelie,Garcia,AGarcia Corp SAS,,aurelie.garcia@agarciacorp.com,,,,,,Government,Open - Not Contacted,,500,,,Marseille,,,France,,,,,,
Ms.,Leon,Schwarz,Schwarz International GmbH,Purchasing Manager,leon.schwarz@schwarzinternational.com,,+631 943050557,,https://www.schwarzinternational.com,Other,Shipping,Open - Not Contacted,,120,,,Berlin,,10115,Germany,,,,Yes,5,
Dr.,Jean,Petit,Petit Corp SARL,,jean.petit@petitcorp.com,+43 572761616,+529 745731499,+13 189942779,https://www.petitcorp.com,Partner Referral,,Open - Not Contacted,,,5000000,83 Zone Industrielle,Grenoble,,,France,GC5000 series,,8001,No,,
Prof.,Harry,Davies,HDavies Logistics PLC,IT Director,harry.davies@hdavieslogistics.com,+548 134956121,,,https://www.hdavieslogistics.com,Web,Electronics,Open - Not Contacted,,80,,,Edinburgh,,,United Kingdom,GC5000 series,GC1000 series (old model),,Yes,3,
Mr.,Rachid,Benjelloun,Benjelloun Innovations SA,General Manager,rachid.benjelloun@benjellouninnovations.com,,+231 667331055,,,Partner Referral,Entertainment,Closed - Not Converted,,,,198 High Street,Fes,,30000,Morocco,GC1000 series,,,,,
Prof.,Camille,Roux,CRoux Corp SA,COO,camille.roux@crouxcorp.com,,+620 836906165,,,,Hospitality,Open - Not Contacted,,,,227 Calle Mayor,Strasbourg,,67000,France,GC1020 series,,,,,
Mrs.,Sophie,Bernard,Bernard Corp SA,Purchasing Manager,sophie.bernard@bernardcorp.com,+702 982244794,+21 358519790,,https://www.bernardcorp.com,Partner Referral,Environmental,Open - Not Contacted,Warm,5,,27 Calle Mayor,Nice,,06000,France,,,4399,,,
Ms.,Hedi,Baccouche,Baccouche Consulting SARL,,hedi.baccouche@baccoucheconsulting.com,+212 116071188,,,,,Food & Beverage,Open - Not Contacted,,,,,Bizerte,,,Tunisia,GC5000 series,,,No,,
,Jacob,Jones,JJones International Ltd.,,jacob.jones@jjonesinternational.com,,,,,Purchased List,Shipping,Open - Not Contacted,Cold,,1000000,,Birmingham,,B1 1AA,United Kingdom,,,,Yes,,
Prof.,Celine,Roux,CRoux Logistics SAS,,,+885 417580576,+326 111389459,,https://www.crouxlogistics.com,Purchased List,,Open - Not Contacted,Warm,,500000,,Grenoble,,,France,GC3000 series,,,Yes,,"Met at trade show, interested in bulk pricing."
,Laurent,Thomas,Thomas Consulting SARL,VP Sales,laurent.thomas@thomasconsulting.com,+149 320080250,+18 518585082,+168 581390079,https://www.thomasconsulting.com,,Other,Open - Not Contacted,,,,121 Business Park Way,Dijon,,,France,GC3000 series,,,,,
Mrs.,Michel,Durand,MDurand Dynamics SA,Operations Manager,michel.durand@mduranddynamics.com,+338 688399481,,,,Purchased List,,Open - Not Contacted,,,,,Dijon,,21000,France,GC3000 series,,,No,,
,,Roux,Roux Industries SA,CEO,contact@rouxindustries.com,+771 781991176,+84 491839877,,,Partner Referral,,Open - Not Contacted,,,250000,120 Zone Industrielle,Dijon,,21000,France,,,,No,5,
,Nicolas,Laurent,Laurent Global SAS,Owner,nicolas.laurent@laurentglobal.com,+981 197323688,,,https://www.laurentglobal.com,,,Open - Not Contacted,Warm,,250000,124 Church Road,Grenoble,,,France,,,,Yes,20,Expressed interest during cold call.
Mr.,Noah,Meyer,Meyer Group GmbH,Supply Chain Manager,noah.meyer@meyergroup.com,+300 391352565,,,,Other,Media,Open - Not Contacted,,120,,,Basel,,,Switzerland,GC1000 series,None,,,,Referred by an existing customer.
,Nathalie,Dubois,NDubois Technologies SARL,,nathalie.dubois@nduboistechnologies.com,,+835 649174862,,,Purchased List,,Open - Not Contacted,Hot,,,57 Calle Mayor,,,49000,France,,,4936,,,
,Marie,Dubois,Dubois Innovations SARL,,marie.dubois@duboisinnovations.com,,,+118 582177752,,,Engineering,Open - Not Contacted,,250,10000000,83 Avenue Foch,Marseille,,13001,France,GC5000 series,,,,,"Existing customer, expansion opportunity."
Mr.,,Moore,TMoore Holdings Inc.,,contact@tmooreholdings.com,+635 943878996,,,https://www.tmooreholdings.com,Purchased List,Food & Beverage,Open - Not Contacted,Cold,,50000,97 Boulevard Central,Los Angeles,,,United States,GC1020 series,,,,,
Mr.,,Belhaj,SBelhaj Systems SARL,Supply Chain Manager,contact@sbelhajsystems.com,,+466 962190005,,,Web,Not For Profit,Open - Not Contacted,Warm,250,50000,,,,,Tunisia,,Competitor Y200,6251,,,
,Mathieu,Fournier,MFournier Holdings SARL,,mathieu.fournier@mfournierholdings.com,+11 583647351,,,,Purchased List,Electronics,Open - Not Contacted,,,,,Montpellier,,34000,France,,,,,,
Mrs.,Sanaa,Kettani,Kettani Solutions SA,President,sanaa.kettani@kettanisolutions.com,,,,,,Finance,Open - Not Contacted,Hot,12,,158 Main Street,Tangier,,90000,Morocco,,,,No,,Expressed interest during cold call.
Mr.,Marie,Vincent,Vincent Dynamics SAS,,,+686 983398701,+503 411110324,,,Phone Inquiry,,Open - Not Contacted,,80,,194 Zone Industrielle,Bordeaux,,33000,France,GC1000 series,,,No,,
Prof.,Julien,Fournier,Fournier Holdings SA,Purchasing Manager,julien.fournier@fournierholdings.com,+973 753602595,+564 991764926,+299 452680043,,Partner Referral,Utilities,Open - Not Contacted,,,,76 Rue de la Paix,Dijon,,21000,France,,,,Yes,,
Mrs.,Marie,Lefebvre,Lefebvre Systems SAS,CFO,marie.lefebvre@lefebvresystems.com,+534 781263504,,,https://www.lefebvresystems.com,Purchased List,Machinery,Open - Not Contacted,Warm,,,157 Calle Mayor,,,34000,France,,,,No,2,
Dr.,Finn,Richter,Richter Global GmbH,,,+556 337750491,,,,Phone Inquiry,Education,Open - Not Contacted,,,250000,137 Main Street,Stuttgart,,,Germany,GC1000 series,,,No,,
,Mathieu,Durand,MDurand Global SAS,,mathieu.durand@mdurandglobal.com,+942 438774443,+172 340750861,,https://www.mdurandglobal.com,Purchased List,Telecommunications,Open - Not Contacted,,,,,,,49000,France,GC1020 series,,,,,
,Camille,Leclercq,Leclercq Industries SA,Managing Director,camille.leclercq@leclercqindustries.com,+582 190675244,,+828 667728351,,Phone Inquiry,,Closed - Converted,,25,120000,77 Via Roma,Ghent,,9000,Belgium,,,,No,,
,Celine,Martin,Martin Enterprises SAS,,celine.martin@martinenterprises.com,+692 734585821,,,,Purchased List,Entertainment,Open - Not Contacted,,,,194 Hauptstrasse,,,,France,,,,Yes,,
Ms.,Hana,Hayashi,"Hayashi Consulting Co., Ltd.",IT Director,hana.hayashi@hayashiconsulting.com,+749 841388763,,,https://www.hayashiconsulting.com,,Consulting,Open - Not Contacted,Cold,,,193 Via Roma,,,530-0001,Japan,,,,Yes,,
Mrs.,Camille,Durand,CDurand Systems SARL,,camille.durand@cdurandsystems.com,+879 623433419,,,,,Entertainment,Open - Not Contacted,Hot,25,,69 Innovation Drive,Toulouse,,31000,France,GC3000 series,,,No,,
Prof.,Henry,Gauthier,HGauthier Enterprises Ltd.,,henry.gauthier@hgauthierenterprises.com,+786 843826068,,,,Other,,Open - Not Contacted,Hot,,,246 Industrial Ave,Ottawa,,K1P 1J1,Canada,,,2721,Yes,,
Ms.,Olivia,Watson,OWatson Dynamics Ltd.,IT Director,olivia.watson@owatsondynamics.com,,,,,,,Open - Not Contacted,Warm,,,14 Avenue Foch,London,,,United Kingdom,GC3000 series,,,No,1,
,Nicolas,Moreau,Moreau Global SA,Procurement Director,nicolas.moreau@moreauglobal.com,+840 711550868,,,,,,Open - Not Contacted,,500,,143 Industrial Ave,Strasbourg,,67000,France,,,,Yes,,Looking to replace aging equipment fleet.
Prof.,Lotte,Janssen,LJanssen Partners B.V.,,lotte.janssen@ljanssenpartners.com,,+328 436457435,+506 816280294,,Web,Machinery,Open - Not Contacted,,,,,,,5611,Netherlands,,,,,1,Requested a quote via website contact form.
,Marie,Vincent,MVincent Holdings SA,,marie.vincent@mvincentholdings.com,,+156 955764539,,,Purchased List,,Open - Not Contacted,,,2500000,,Lyon,,,France,GC5000 series,,,Yes,,Attended regional partner event.
Mrs.,Keiko,Sasaki,"KSasaki Energy Co., Ltd.",CFO,keiko.sasaki@ksasakienergy.com,+593 616413678,+406 578487095,+838 267869281,https://www.ksasakienergy.com,,Environmental,Open - Not Contacted,Hot,,,,Tokyo,,100-0001,Japan,,,3645,,,
Prof.,Sandrine,Garcia,SGarcia Technologies SA,Sales Director,sandrine.garcia@sgarciatechnologies.com,+237 898227915,,,,Purchased List,Education,Open - Not Contacted,,250,,,,,,France,,,,,2,
Mr.,Robert,Anderson,Anderson Holdings Inc.,Managing Director,robert.anderson@andersonholdings.com,+551 362163160,,,,,Electronics,Open - Not Contacted,,,,95 Church Road,Phoenix,,,United States,GC3000 series,,,No,,
Mr.,Victor,Mertens,Mertens Power SPRL,Procurement Director,victor.mertens@mertenspower.com,,,,https://www.mertenspower.com,Phone Inquiry,Chemicals,Open - Not Contacted,,,,,Antwerp,,2000,Belgium,,GC1000 series (old model),,,,Inbound inquiry about maintenance contracts.
Mr.,Javier,Martinez,JMartinez Industries S.L.,Buyer,javier.martinez@jmartinezindustries.com,+346 773783961,,,https://www.jmartinezindustries.com,Purchased List,,Open - Not Contacted,,,,,Bilbao,,48001,Spain,GC1000 series,,,,,
,Claire,Martin,Martin Energy SA,Operations Manager,claire.martin@martinenergy.com,+957 888110995,,,,Other,Agriculture,Open - Not Contacted,,1000,,,Lyon,,69001,France,GC3000 series,,1377,,,
Mrs.,Marie,Michel,Michel Global SARL,Facilities Manager,marie.michel@michelglobal.com,+869 234756755,,,,,,Open - Not Contacted,,,50000,104 Hauptstrasse,Nantes,,44000,France,GC5000 series,,,No,,
Prof.,Isabel,Silva,Silva Logistics Lda.,,isabel.silva@silvalogistics.com,,,,,Partner Referral,Healthcare,Open - Not Contacted,Warm,,,,Lisbon,,1000-001,Portugal,,,,,5,Downloaded product catalog from website.
,,Lefebvre,Lefebvre Dynamics SAS,IT Director,contact@lefebvredynamics.com,,,+110 225543953,,,,Open - Not Contacted,,,10000000,138 Market Street,Grenoble,,38000,France,,,,,5,
Prof.,Mathieu,Petit,Petit Solutions SA,Operations Manager,,+790 453867043,+656 125160526,,,Purchased List,Recreation,Open - Not Contacted,Cold,1000,,156 Rua Augusta,Paris,,,France,GC3000 series,,,Yes,,
Mr.,Laurent,Laurent,Laurent Systems SAS,Operations Manager,laurent.laurent@laurentsystems.com,,,,https://www.laurentsystems.com,Phone Inquiry,,Working - Contacted,,5,,177 Commerce Blvd,Grenoble,,38000,France,,In-house legacy unit,,No,,
Ms.,Aurelie,Roux,ARoux Enterprises SAS,,aurelie.roux@arouxenterprises.com,+532 693775341,,,https://www.arouxenterprises.com,Web,,Open - Not Contacted,,2500,500000,,Marseille,,13001,France,GC1000 series,,,Yes,5,
Mr.,Hannah,Meyer,HMeyer Logistics GmbH,IT Director,hannah.meyer@hmeyerlogistics.com,+771 592208524,,,,Partner Referral,,Open - Not Contacted,,,,94 Via Roma,Berlin,,10115,Germany,GC1000 series,,,No,1,
,Lucas,De Groot,De Groot Logistics N.V.,General Manager,lucas.degroot@degrootlogistics.com,+12 514574615,,,,Partner Referral,,Open - Not Contacted,,,250000,221 Rua Augusta,The Hague,,,Netherlands,,,,No,,
Mr.,Nicolas,Durand,Durand International SAS,Plant Manager,nicolas.durand@durandinternational.com,+708 850151920,,,https://www.durandinternational.com,Phone Inquiry,,Open - Not Contacted,Warm,,,169 Hauptstrasse,Lille,,,France,GC5000 series,,,Yes,,
Mrs.,Valerie,Martin,VMartin Innovations SAS,,valerie.martin@vmartininnovations.com,+937 853433857,,,,Phone Inquiry,Agriculture,Working - Contacted,,,,,Toulouse,,,France,,,,No,,Requested a quote via website contact form.
Mrs.,Celine,Laurent,Laurent Logistics SAS,Owner,celine.laurent@laurentlogistics.com,,,,,,,Open - Not Contacted,,,10000000,149 Commerce Blvd,Rennes,,,France,,,,,3,
Mr.,Andrea,Rossi,Rossi Enterprises S.r.l.,,andrea.rossi@rossienterprises.com,,+907 465176483,,,,Energy,Open - Not Contacted,,,,237 High Street,Florence,,50121,Italy,,,,No,20,
Mrs.,Sophie,Janssen,SJanssen International N.V.,,sophie.janssen@sjansseninternational.com,,+134 458807442,,,Phone Inquiry,,Open - Not Contacted,Warm,80,,,Eindhoven,,,Netherlands,,,,Yes,,
Mr.,,Jesus,JJesus Enterprises Lda.,Purchasing Manager,contact@jjesusenterprises.com,,,,https://www.jjesusenterprises.com,Partner Referral,,Open - Not Contacted,,50,50000,29 Rue Victor Hugo,Porto,,4000-001,Portugal,,,,No,1,Expressed interest during cold call.
Mr.,Elizabeth,Jones,EJones Energy Inc.,General Manager,elizabeth.jones@ejonesenergy.com,,,,,Other,,Open - Not Contacted,,,,,Chicago,,60601,United States,,GC500 series,,No,,Looking to replace aging equipment fleet.
Mrs.,,Lopez,PLopez Logistics S.A. de C.V.,,contact@plopezlogistics.com,+257 994437310,,,,Phone Inquiry,,Open - Not Contacted,,,,,,,01000,Mexico,GC3000 series,In-house legacy unit,,No,,
Dr.,Ava,Brown,ABrown Holdings Pty Ltd,COO,ava.brown@abrownholdings.com,+44 911762146,,,,Phone Inquiry,,Working - Contacted,Warm,,,105 Via Roma,Melbourne,,,Australia,GC1000 series,,,,,
,Priya,Sharma,Sharma Technologies Ltd.,Operations Manager,priya.sharma@sharmatechnologies.com,,+243 396255089,,,,,Open - Not Contacted,Hot,500,500000,,Chennai,,600001,India,,,,,,
Mrs.,Jack,Wilson,JWilson Enterprises Ltd.,Purchasing Manager,jack.wilson@jwilsonenterprises.com,+133 545843284,,,,Phone Inquiry,Machinery,Open - Not Contacted,Warm,,,,Calgary,,T2P 1J9,Canada,,Other Corp X100,,,20,
Mrs.,Michael,Anderson,Anderson Solutions Inc.,Head of Procurement,michael.anderson@andersonsolutions.com,+580 332814819,+625 793176117,,,Phone Inquiry,Government,Open - Not Contacted,Hot,,,,Phoenix,,85001,United States,,,,No,10,
Prof.,Ricardo,Ortiz,Ortiz Holdings S.C.,,ricardo.ortiz@ortizholdings.com,+547 948595265,,,,Partner Referral,Entertainment,Open - Not Contacted,,50,,239 Innovation Drive,Mexico City,,01000,Mexico,GC1020 series,,,No,,
,Nadege,Kouame,NKouame Holdings SA,,,+764 770103323,+562 443738434,,,Other,Engineering,Open - Not Contacted,,,,36 Boulevard Central,Yamoussoukro,,20000,Cote d'Ivoire,GC1020 series,,,No,,
,Luis,Chavez,Chavez Technologies S.C.,CTO,luis.chavez@chaveztechnologies.com,+575 421007045,+190 294669760,,,,Food & Beverage,Open - Not Contacted,Cold,,,,Monterrey,,64000,Mexico,GC1020 series,Competitor Y200,,No,,Follow up after product demo webinar.
,Christelle,Yao,Yao Energy SA,Supply Chain Manager,christelle.yao@yaoenergy.com,+739 137281556,,,https://www.yaoenergy.com,Web,,Open - Not Contacted,Cold,,,77 Business Park Way,,,,Cote d'Ivoire,,,,,,
Mrs.,Emma,MacDonald,EMacDonald Innovations Inc.,President,emma.macdonald@emacdonaldinnovations.com,,,,,Phone Inquiry,Agriculture,Open - Not Contacted,,,,168 Hauptstrasse,,,M5H 2N2,Canada,,Competitor Y200,,No,,
Ms.,Grace,Ryan,GRyan Services Pty Ltd,Sales Director,grace.ryan@gryanservices.com,,,,https://www.gryanservices.com,Purchased List,,Open - Not Contacted,Warm,,,213 Market Street,Brisbane,,4000,Australia,,,,Yes,,
Ms.,Kavita,Verma,Verma International Pvt. Ltd.,Procurement Director,,,,,https://www.vermainternational.com,,Transportation,Open - Not Contacted,Cold,80,,,Delhi,,110001,India,,,,No,,
,Isabella,Martin,IMartin Enterprises Inc.,General Manager,,,,,,,Manufacturing,Open - Not Contacted,,25,,118 Rue de la Paix,Calgary,,T2P 1J9,Canada,GC5000 series,,,Yes,5,Referred by an existing customer.
,Robert,Johnson,RJohnson Technologies LLC,Head of Procurement,robert.johnson@rjohnsontechnologies.com,+280 478765957,+441 248016697,,,Partner Referral,Retail,Open - Not Contacted,Hot,50,,31 Rue de la Paix,Phoenix,,85001,United States,,,,,,
Mr.,Lucas,Bouchard,LBouchard Energy Ltd.,Owner,lucas.bouchard@lbouchardenergy.com,+323 872730696,+640 393787448,,https://www.lbouchardenergy.com,,Hospitality,Open - Not Contacted,,,,156 Main Street,Ottawa,,,Canada,,GC800 series,,,,
Dr.,Elizabeth,Moore,Moore Global LLC,Facilities Manager,elizabeth.moore@mooreglobal.com,,,,,Other,Retail,Open - Not Contacted,,250,10000000,98 Park Lane,Chicago,,,United States,GC1020 series,,1317,,5,Requested a quote via website contact form.
Mr.,Mia,Cote,MCote Holdings Ltd.,IT Director,,,+528 868369685,+289 126314358,,Web,,Open - Not Contacted,,,,46 Commerce Blvd,Toronto,,M5H 2N2,Canada,,,,No,1,
,John,Martinez,JMartinez Technologies Inc.,,john.martinez@jmartineztechnologies.com,+574 793303777,,,https://www.jmartineztechnologies.com,Phone Inquiry,,Open - Not Contacted,Warm,,,202 Main Street,Houston,,77001,United States,GC1020 series,,,,2,
Prof.,Kavita,Patel,Patel Consulting Pvt. Ltd.,,,,,,https://www.patelconsulting.com,Other,,Open - Not Contacted,,,,,Chennai,,600001,India,GC5000 series,,,,,Inbound inquiry about maintenance contracts.
,Thomas,Jones,Jones Global Corp.,,thomas.jones@jonesglobal.com,+103 754331259,,,,Other,,Open - Not Contacted,,,,,San Diego,,92101,United States,GC1000 series,,,,,Referred by an existing customer.
Mr.,Charles,Taylor,CTaylor Systems Corp.,Managing Director,charles.taylor@ctaylorsystems.com,,,,https://www.ctaylorsystems.com,Other,,Open - Not Contacted,,,,,Dallas,,75201,United States,GC1020 series,,,,,
Ms.,Gabriel,Pereira,Pereira Technologies S.A.,Sales Director,gabriel.pereira@pereiratechnologies.com,+773 783862129,,,,,,Open - Not Contacted,,,,,Curitiba,,80000-000,Brazil,GC1000 series,,,No,10,
Mr.,Luis,Chavez,LChavez Systems S.A. de C.V.,,luis.chavez@lchavezsystems.com,+136 571854927,+461 493033289,,https://www.lchavezsystems.com,,Insurance,Open - Not Contacted,,,,2 Market Street,Mexico City,,01000,Mexico,,GC1000 series (old model),,No,2,
Dr.,Emma,Martin,EMartin Consulting Ltd.,,emma.martin@emartinconsulting.com,+132 627921592,,,https://www.emartinconsulting.com,Purchased List,,Open - Not Contacted,Warm,,,156 Market Street,Toronto,,M5H 2N2,Canada,,,,,,Follow up after product demo webinar.
Mrs.,Fernanda,Lima,FLima Consulting Ltda.,Plant Manager,fernanda.lima@flimaconsulting.com,+210 888081032,,,,Phone Inquiry,Manufacturing,Open - Not Contacted,,,,70 Zone Industrielle,Curitiba,,80000-000,Brazil,GC1000 series,,,,2,
Prof.,Benjamin,Roy,Roy Partners Ltd.,Owner,benjamin.roy@roypartners.com,+335 615138845,+742 261259494,,,Partner Referral,Apparel,Open - Not Contacted,,12,,,Calgary,,,Canada,,,,,20,Expressed interest during cold call.
Dr.,Nancy,Hernandez,Hernandez International LLC,Facilities Manager,nancy.hernandez@hernandezinternational.com,,+362 116783418,,,,,Open - Not Contacted,,,,,Phoenix,,85001,United States,,Competitor Y200,,No,,Inbound inquiry about maintenance contracts.
,Joseph,Thomas,Thomas Innovations LLC,,joseph.thomas@thomasinnovations.com,+173 632718459,+560 834702473,,,Web,Chemicals,Open - Not Contacted,Hot,,,39 Rue de la Paix,Houston,,77001,United States,,,,,10,Attended regional partner event.
Mrs.,Anil,Shah,Shah Technologies Ltd.,Facilities Manager,anil.shah@shahtechnologies.com,,,,https://www.shahtechnologies.com,Phone Inquiry,,Working - Contacted,,,250000,,Delhi,,110001,India,GC3000 series,Other Corp X100,,,2,
Dr.,Lucas,Pereira,LPereira Energy Ltda.,Head of Procurement,lucas.pereira@lpereiraenergy.com,+32 659711575,+242 876016435,,https://www.lpereiraenergy.com,Purchased List,,Open - Not Contacted,Hot,2500,,,Curitiba,,,Brazil,GC1020 series,,3488,,1,Looking to replace aging equipment fleet.
Mrs.,Sophia,Roy,SRoy Enterprises Inc.,,sophia.roy@sroyenterprises.com,,+432 854924348,,,Partner Referral,Transportation,Open - Not Contacted,Hot,,,,Ottawa,,,Canada,GC3000 series,,,Yes,,
Dr.,Nancy,Wilson,Wilson Corp LLC,Facilities Manager,nancy.wilson@wilsoncorp.com,+62 369002851,,,https://www.wilsoncorp.com,Partner Referral,,Open - Not Contacted,,120,,120 Main Street,Los Angeles,,90001,United States,GC1020 series,,,,,
Ms.,Noah,MacDonald,NMacDonald Enterprises Ltd.,Facilities Manager,noah.macdonald@nmacdonaldenterprises.com,+268 734094492,+699 924284867,,https://www.nmacdonaldenterprises.com,Web,,Open - Not Contacted,,120,5000000,168 Bahnhofstrasse,Calgary,,T2P 1J9,Canada,,GC1000 series (old model),,No,,
Ms.,Sofia,Martinez,SMartinez Industries S.A. de C.V.,Procurement Director,,+463 626299272,,,,Purchased List,,Open - Not Contacted,,,250000,,Guadalajara,,44100,Mexico,,,,Yes,5,
Dr.,Gustavo,Ribeiro,Ribeiro Solutions Ltda.,,gustavo.ribeiro@ribeirosolutions.com,,,,https://www.ribeirosolutions.com,Phone Inquiry,,Open - Not Contacted,,,,107 Avenue Foch,Rio de Janeiro,,20000-000,Brazil,GC3000 series,None,,,,Looking to replace aging equipment fleet.
,Sofia,Perez,Perez Power S.C.,,sofia.perez@perezpower.com,,,,https://www.perezpower.com,Purchased List,,Working - Contacted,,,,,Monterrey,,64000,Mexico,GC3000 series,GC500 series,4081,No,5,
Ms.,Jessica,Brown,JBrown Logistics LLC,,,+828 974893936,,,,Phone Inquiry,,Open - Not Contacted,Warm,500,,127 Park Lane,San Antonio,,,United States,GC3000 series,,,Yes,,
,David,Martin,Martin Energy Corp.,Buyer,david.martin@martinenergy.com,+947 694183695,+451 272937522,,https://www.martinenergy.com,Web,Chemicals,Open - Not Contacted,,120,,,,,90001,United States,GC1000 series,,,,,
Mrs.,Elizabeth,Wilson,Wilson Corp Inc.,,elizabeth.wilson@wilsoncorp.com,+60 965388634,,,https://www.wilsoncorp.com,Phone Inquiry,Communications,Open - Not Contacted,,50,5000000,,Austin,,,United States,,,,,,
Mr.,Marie,Girard,MGirard Partners SAS Nice,IT Director,marie.girard@mgirardpartnersnice.com,+793 681848779,,,https://www.mgirardpartners.com,Partner Referral,Construction,Open - Not Contacted,,,,,Nice,,06000,France,GC3000 series,,,Yes,,
Ms.,Susan,Williams,Williams Solutions LLC,,susan.williams@williamssolutions.com,+850 937804191,,,https://www.williamssolutions.com,,,Open - Not Contacted,Hot,,,222 Rue de la Paix,Chicago,,,United States,,Other Corp X100,7897,Yes,,
Dr.,Mary,Anderson,Anderson Power LLC,General Manager,mary.anderson@andersonpower.com,,+352 232059232,,,Other,Technology,Open - Not Contacted,Warm,,5000000,158 Church Road,San Antonio,,78201,United States,GC3000 series,,,Yes,,
Dr.,Lisa,Gonzalez,LGonzalez Systems Inc.,Operations Manager,,,,,https://www.lgonzalezsystems.com,Purchased List,,Open - Not Contacted,,,,,San Diego,,92101,United States,GC5000 series,,,No,,
Prof.,Karen,Martinez,Martinez Services Inc.,Managing Director,karen.martinez@martinezservices.com,+53 574119726,+67 776001106,+645 130364454,https://www.martinezservices.com,Partner Referral,Food & Beverage,Open - Not Contacted,,,,134 Bahnhofstrasse,Austin,,,United States,,,,,,
,Fernanda,Santos,Santos Corp S.A.,IT Director,fernanda.santos@santoscorp.com,+989 273688669,,,,,,Open - Not Contacted,,80,,,Sao Paulo,,01000-000,Brazil,GC5000 series,GC1000 series (old model),,No,1,
,Rafael,Gomes,Gomes Systems Ltda.,COO,rafael.gomes@gomessystems.com,+837 381666002,+474 959517025,,https://www.gomessystems.com,,Agriculture,Open - Not Contacted,,,,230 Avenue Foch,Sao Paulo,,01000-000,Brazil,,,,No,,
,Noah,Kelly,Kelly Energy Pty Ltd,,noah.kelly@kellyenergy.com,,,,,,,Open - Not Contacted,,,,122 Hauptstrasse,,,,Australia,GC3000 series,,,Yes,,
Mr.,Alexander,Walker,AWalker Partners Ltd.,Owner,alexander.walker@awalkerpartners.com,+12 385273750,+396 331448964,,https://www.awalkerpartners.com,,,Open - Not Contacted,Cold,1000,,103 Boulevard Central,Melbourne,,3000,Australia,GC3000 series,,,,,
Prof.,Michael,Smith,MSmith Group Corp.,Head of Procurement,michael.smith@msmithgroup.com,+239 990801586,+204 966306997,,,,Energy,Open - Not Contacted,,50,,98 Main Street,Philadelphia,,19101,United States,GC1020 series,,,No,,
Dr.,Lisa,Miller,LMiller Enterprises LLC,,lisa.miller@lmillerenterprises.com,+288 758991556,+578 489487366,,https://www.lmillerenterprises.com,,Transportation,Working - Contacted,Warm,,5000000,78 Industrial Ave,San Diego,,92101,United States,GC1020 series,,,No,,
Ms.,Mathieu,Bernard,Bernard Energy SAS Strasb,Procurement Director,mathieu.bernard@bernardenergystrasb.com,,,,,Other,,Open - Not Contacted,Warm,,,,Strasbourg,,67000,France,GC5000 series,,,,5,
,,Miller,JMiller Industries LLC,,contact@jmillerindustries.com,,,,https://www.jmillerindustries.com,Purchased List,Media,Open - Not Contacted,Cold,,,,San Diego,,92101,United States,GC5000 series,,7841,Yes,,
Mr.,Aristide,Yao,Yao Technologies SARL,Managing Director,aristide.yao@yaotechnologies.com,+660 163389592,,,,Web,Telecommunications,Open - Not Contacted,Cold,,,,Yamoussoukro,,,Cote d'Ivoire,GC5000 series,,,,,
Ms.,Marie,Laurent,MLaurent Group SA Bordea,Managing Director,marie.laurent@mlaurentgroupbordea.com,+742 625130984,+911 668602595,,https://www.mlaurentgroup.com,Partner Referral,Chemicals,Closed - Not Converted,Hot,1000,5000000,,Bordeaux,,,France,,,,,2,Downloaded product catalog from website.
,Ana,Pereira,Pereira Partners Ltda.,Buyer,ana.pereira@pereirapartners.com,+830 414871204,,,,Phone Inquiry,Biotechnology,Open - Not Contacted,Warm,,,235 Market Street,Curitiba,,80000-000,Brazil,GC1000 series,,,,,
Prof.,Susan,Jones,SJones Corp Corp.,Buyer,susan.jones@sjonescorp.com,+142 976238574,+49 230514014,,,Web,Transportation,Open - Not Contacted,Cold,,120000,,Dallas,,75201,United States,GC1000 series,,,Yes,,
,Jack,Williams,JWilliams Systems Pty Ltd,Sales Director,jack.williams@jwilliamssystems.com,+926 933022123,+421 131254514,,,Partner Referral,Communications,Open - Not Contacted,,,,,,,6000,Australia,GC3000 series,,,,,
Ms.,Jessica,Gonzalez,Gonzalez Group Inc.,Buyer,jessica.gonzalez@gonzalezgroup.com,+866 823383077,,,,Phone Inquiry,Government,Open - Not Contacted,,,2500000,82 Calle Mayor,Dallas,,75201,United States,,,,,,
Dr.,Ana,Pereira,APereira Innovations Ltda.,Supply Chain Manager,ana.pereira@apereirainnovations.com,+585 575264320,+253 739658559,,,,,Open - Not Contacted,Hot,,,60 Main Street,Curitiba,,80000-000,Brazil,GC1020 series,,,No,20,
Mrs.,Jennifer,Hernandez,JHernandez Services Corp.,Supply Chain Manager,jennifer.hernandez@jhernandezservices.com,+361 892861016,+690 592474715,,,Phone Inquiry,Engineering,Open - Not Contacted,,,,,Chicago,,60601,United States,,,,No,5,
Ms.,Ethan,Anderson,Anderson Industries Pty Ltd,,ethan.anderson@andersonindustries.com,,,,,,,Working - Contacted,Cold,80,,245 Rue de la Paix,Sydney,,2000,Australia,GC1000 series,,,,2,
Dr.,Adriana,Lopez,Lopez Services S.A. de C.V.,Procurement Director,adriana.lopez@lopezservices.com,+834 243390704,+42 443553891,,,Phone Inquiry,,Open - Not Contacted,,,,179 Rue de la Paix,Monterrey,,64000,Mexico,GC1000 series,,,No,,
,Meera,Reddy,Reddy Partners Ltd.,,meera.reddy@reddypartners.com,,,,https://www.reddypartners.com,Web,,Open - Not Contacted,,,,,Chennai,,600001,India,,,,Yes,,Downloaded product catalog from website.
Ms.,Yao,Camara,YCamara Innovations SARL,,yao.camara@ycamarainnovations.com,+569 465314483,+610 547450576,,,Web,,Working - Contacted,,500,1000000,198 Rue Victor Hugo,Abidjan,,01000,Cote d'Ivoire,GC1020 series,,,No,5,
Prof.,,White,White Partners Ltd.,Plant Manager,contact@whitepartners.com,,+867 144810342,,,,Utilities,Open - Not Contacted,,,500000,43 Business Park Way,Perth,,,Australia,GC1020 series,,4738,No,,
Mrs.,Akissi,Bakayoko,ABakayoko Solutions SA,Managing Director,akissi.bakayoko@abakayokosolutions.com,+29 241349369,+86 272102504,,,Web,Hospitality,Working - Contacted,,,250000,,Abidjan,,01000,Cote d'Ivoire,,,,Yes,,
,Neha,Nair,NNair Services Ltd.,,neha.nair@nnairservices.com,+329 848561390,,,https://www.nnairservices.com,Web,,Open - Not Contacted,,12,,51 Rua Augusta,Chennai,,600001,India,,Other Corp X100,,No,,Downloaded product catalog from website.
,Elizabeth,Gonzalez,Gonzalez Enterprises Inc.,Managing Director,elizabeth.gonzalez@gonzalezenterprises.com,,+85 720593403,,,Partner Referral,Communications,Open - Not Contacted,,2500,,,Chicago,,,United States,GC1020 series,,,,10,
Ms.,Michael,Taylor,Taylor Systems Corp.,,michael.taylor@taylorsystems.com,,,,,Purchased List,Food & Beverage,Open - Not Contacted,,,120000,,Philadelphia,,,United States,,In-house legacy unit,,,,Follow up after product demo webinar.
Ms.,Antoine,Lefebvre,Lefebvre Innovations SARL Strasb,,antoine.lefebvre@lefebvreinnovationsstrasb.com,+843 477699945,,+560 138128942,https://www.lefebvreinnovations.com,Other,Technology,Open - Not Contacted,,,10000000,71 Via Roma,Strasbourg,,,France,GC1000 series,,,No,2,
Prof.,Alexander,Wilson,AWilson Energy Inc.,,alexander.wilson@awilsonenergy.com,+885 431659959,,,https://www.awilsonenergy.com,Phone Inquiry,Hospitality,Open - Not Contacted,,500,,62 Market Street,,,K1P 1J1,Canada,,,,No,,
,Chloe,Bouchard,CBouchard Partners Ltd.,CEO,chloe.bouchard@cbouchardpartners.com,,+823 329237874,,,Web,Telecommunications,Open - Not Contacted,,1000,,,Montreal,,H2Y 1C6,Canada,GC3000 series,,,,,
,Lisa,Williams,LWilliams Consulting LLC,Operations Manager,lisa.williams@lwilliamsconsulting.com,,,,,,Transportation,Open - Not Contacted,,,250000,,,,,United States,,,,No,,
,Jose,Flores,JFlores Group S.A. de C.V.,CTO,,,+127 387364623,,,Partner Referral,Communications,Working - Contacted,,,,,Guadalajara,,44100,Mexico,,,,No,,Requested a quote via website contact form.
,Yao,Bamba,YBamba Power SARL,Head of Procurement,yao.bamba@ybambapower.com,,+328 255266351,,,Partner Referral,,Open - Not Contacted,,,,73 Avenue Foch,,,20000,Cote d'Ivoire,,,,Yes,,
Prof.,Vijay,Singh,VSingh Consulting Ltd.,Head of Procurement,vijay.singh@vsinghconsulting.com,+17 530090581,,,https://www.vsinghconsulting.com,,,Open - Not Contacted,,250,,,Mumbai,,400001,India,,,6914,No,,
,Oliver,Thompson,OThompson Systems Pty Ltd,General Manager,oliver.thompson@othompsonsystems.com,+18 664430657,,,,Purchased List,,Open - Not Contacted,,,,109 Market Street,,,,Australia,GC3000 series,,1722,,,
Ms.,Ana,Araujo,Araujo Services S.A.,Owner,ana.araujo@araujoservices.com,,+729 946186255,+522 494647699,,Purchased List,Transportation,Open - Not Contacted,,5,,,Sao Paulo,,01000-000,Brazil,,,,Yes,,
Ms.,Richard,Miller,Miller Global Inc.,Sales Director,richard.miller@millerglobal.com,+34 448668783,,,,Partner Referral,,Open - Not Contacted,,,120000,39 Innovation Drive,Dallas,,75201,United States,GC3000 series,,,No,,
,Olivia,Roy,Roy Consulting Ltd.,COO,olivia.roy@royconsulting.com,,,,https://www.royconsulting.com,Partner Referral,,Open - Not Contacted,Warm,,,7 Industrial Ave,,,,Canada,GC5000 series,,,,,
Mrs.,Linda,Lopez,Lopez Industries Inc.,President,linda.lopez@lopezindustries.com,+73 140728046,+33 619510312,,https://www.lopezindustries.com,Other,Utilities,Open - Not Contacted,,,120000,106 Via Roma,San Antonio,,78201,United States,,In-house legacy unit,,,2,
Mrs.,Sandrine,Simon,SSimon Dynamics SA Bordea,Buyer,sandrine.simon@ssimondynamicsbordea.com,+390 588420719,,,https://www.ssimondynamics.com,,Retail,Open - Not Contacted,,5,250000,103 Commerce Blvd,Bordeaux,,,France,GC5000 series,,,Yes,,Attended regional partner event.
Prof.,Amelia,Martin,Martin Industries Ltd.,Operations Manager,amelia.martin@martinindustries.com,+520 668742783,,,https://www.martinindustries.com,Other,Utilities,Open - Not Contacted,,25,,,Perth,,,Australia,,,,No,,
Ms.,Jennifer,Jackson,JJackson Global Inc.,,jennifer.jackson@jjacksonglobal.com,+855 631831063,,,https://www.jjacksonglobal.com,,,Open - Not Contacted,,,10000000,237 Boulevard Central,San Antonio,,,United States,GC1000 series,,,No,20,
Ms.,Sarah,Garcia,Garcia Systems Inc.,Buyer,sarah.garcia@garciasystems.com,+635 266267415,,,https://www.garciasystems.com,Partner Referral,Retail,Open - Not Contacted,,120,,160 Zone Industrielle,,,90001,United States,GC3000 series,,,Yes,,
,Jack,Johnson,JJohnson Solutions Ltd.,,jack.johnson@jjohnsonsolutions.com,+485 923943515,+30 333744145,,https://www.jjohnsonsolutions.com,Web,Biotechnology,Open - Not Contacted,Cold,50,,173 Park Lane,,,,Canada,,,7605,Yes,1,
Mr.,William,Wilson,Wilson Energy Corp.,President,,,,,https://www.wilsonenergy.com,Phone Inquiry,,Open - Not Contacted,Hot,,,179 Boulevard Central,San Diego,,92101,United States,GC1000 series,,,,20,
,Gustavo,Martins,GMartins Dynamics Ltda.,VP Sales,gustavo.martins@gmartinsdynamics.com,+61 229821270,+460 330042306,,https://www.gmartinsdynamics.com,Partner Referral,,Working - Contacted,,,,,Belo Horizonte,,30000-000,Brazil,GC5000 series,,5131,No,,
Ms.,William,Wilson,WWilson Consulting Ltd.,CEO,william.wilson@wwilsonconsulting.com,+121 672579321,,,,Web,,Open - Not Contacted,,2500,,,Toronto,,M5H 2N2,Canada,GC5000 series,,,,,
Prof.,Karen,Lopez,KLopez Global Corp.,President,karen.lopez@klopezglobal.com,,,,https://www.klopezglobal.com,,Manufacturing,Open - Not Contacted,Hot,,,,,,60601,United States,GC1020 series,,,,,
Dr.,Sarah,Martinez,SMartinez Dynamics Inc.,,sarah.martinez@smartinezdynamics.com,,+583 564502486,,https://www.smartinezdynamics.com,Purchased List,,Open - Not Contacted,,,,204 Market Street,Houston,,77001,United States,,GC1000 series (old model),,Yes,1,"Existing customer, expansion opportunity."
Dr.,,Gonzalez,LGonzalez Partners LLC,President,,+697 721501669,,,https://www.lgonzalezpartners.com,Partner Referral,Electronics,Working - Contacted,,,1000000,70 Main Street,San Diego,,92101,United States,,,6798,,,
Prof.,Sarah,Jackson,SJackson Technologies Corp.,CEO,sarah.jackson@sjacksontechnologies.com,+412 724490391,,,https://www.sjacksontechnologies.com,Other,Education,Open - Not Contacted,,,,,San Antonio,,78201,United States,GC1000 series,,,,,"Existing customer, expansion opportunity."
Prof.,Karen,Johnson,Johnson Innovations LLC,,karen.johnson@johnsoninnovations.com,,,+531 693568503,,Web,Education,Open - Not Contacted,,,500000,4 Boulevard Central,Chicago,,,United States,GC1000 series,,,,,
,James,Martin,JMartin Global Corp.,Owner,james.martin@jmartinglobal.com,,,,,Web,Telecommunications,Open - Not Contacted,,,10000000,,New York,,,United States,GC1020 series,,,,,
Mrs.,Jessica,Anderson,JAnderson Holdings Corp.,Operations Manager,,,,,,Partner Referral,,Closed - Converted,,,,150 Hauptstrasse,Phoenix,,85001,United States,GC3000 series,,3634,No,,
,Jorge,Ramirez,JRamirez International S.C.,,jorge.ramirez@jramirezinternational.com,,,,,Other,,Open - Not Contacted,Warm,,,76 Bahnhofstrasse,Mexico City,,01000,Mexico,,,,Yes,,
